BSR_Group,Target,Feature_Set,Model,CV_ROC_AUC_Mean,CV_ROC_AUC_Std,Train_Accuracy,Test_Accuracy,Train_F1,Test_F1,Train_ROC_AUC,Test_ROC_AUC,Test_Precision,Test_Recall,N_Samples,N_Features,Class_Balance
Home & Kitchen,has_main_bsr,Top Features,LogisticRegression,0.9395182773927578,0.010921038355623088,0.8824796950107741,0.8807157057654076,0.8846591833414674,0.8817345597897503,0.9411347413287569,0.937233650113303,0.8736979166666666,0.889920424403183,7542,20,0.5
Home & Kitchen,has_main_bsr,Top Features,XGBoost,0.9613028952448539,0.004656270681148316,0.9484501906182662,0.904572564612326,0.9498467989034026,0.9074550128534704,0.9886238151799397,0.9573207792435927,0.8802992518703242,0.9363395225464191,7542,20,0.5
Home & Kitchen,has_main_bsr,Top Features,RandomForest,0.9586794773856402,0.006973030314212474,0.9544173711254765,0.9039098740888005,0.9558799935825445,0.9069916613213599,0.9928431637168337,0.9540376271365082,0.8782608695652174,0.9376657824933687,7542,20,0.5
Health & Household,has_main_bsr,Top Features,LogisticRegression,0.9589919580693562,0.003051478323649445,0.9122657580919932,0.912125340599455,0.9143522368202228,0.9132481506388702,0.960243898899785,0.9605795573506374,0.9017264276228419,0.9250681198910081,7338,20,0.5
Health & Household,has_main_bsr,Top Features,XGBoost,0.9662822250405579,0.0035879929479071043,0.9642248722316865,0.9339237057220708,0.9648476732507533,0.9349429912810194,0.9943178869834489,0.9683882870910023,0.9207397622192867,0.9495912806539509,7338,20,0.5
Health & Household,has_main_bsr,Top Features,RandomForest,0.9634810444352221,0.0030498564528647887,0.9684838160136287,0.9271117166212534,0.9692537809539638,0.9283322170127261,0.9936254277082384,0.9657637223529761,0.9130434782608695,0.944141689373297,7338,20,0.5
Office Products,has_main_bsr,Top Features,LogisticRegression,0.9775659620586474,0.0026817390739336117,0.9342105263157895,0.939327485380117,0.9345454545454546,0.9395484340859432,0.9785378674207448,0.9794039191546116,0.9361393323657474,0.9429824561403509,6840,20,0.5
Office Products,has_main_bsr,Top Features,XGBoost,0.9843346433649032,0.0032272344114176186,0.9778874269005848,0.9539473684210527,0.9780836804926644,0.9545126353790614,0.9978372084573031,0.9818961389829349,0.9429386590584878,0.966374269005848,6840,20,0.5
Office Products,has_main_bsr,Top Features,RandomForest,0.9840941894166548,0.0027480659552669407,0.9793494152046783,0.9546783625730995,0.9795178539061083,0.9552669552669553,0.9979491552956464,0.9837685099688793,0.9430199430199431,0.9678362573099415,6840,20,0.5
Baby,has_main_bsr,Top Features,LogisticRegression,0.8980129841746256,0.006457976631412777,0.8259745853973723,0.8354866494401378,0.8283042923926902,0.8385460693153001,0.9000067169360678,0.9117573743248857,0.8225538971807629,0.8551724137931035,5804,20,0.5
Baby,has_main_bsr,Top Features,XGBoost,0.9419289352473375,0.004966336533979593,0.9480939048029291,0.8906115417743324,0.9496973491964099,0.8937238493723849,0.9883021404017767,0.9568134607395098,0.8682926829268293,0.9206896551724137,5804,20,0.5
Baby,has_main_bsr,Top Features,RandomForest,0.9379688758582333,0.006740701394500309,0.9474477708378204,0.8811369509043928,0.9494824016563147,0.885,0.9933712005242922,0.9485637129799989,0.8564516129032258,0.9155172413793103,5804,20,0.5
"Clothing, Shoes & Jewelry",has_main_bsr,Top Features,LogisticRegression,0.8054300029821541,0.006048362569257146,0.7651869158878505,0.7792056074766355,0.7766666666666666,0.7874015748031497,0.8090850592846537,0.8239420473403789,0.7592190889370932,0.8177570093457944,4280,20,0.5
"Clothing, Shoes & Jewelry",has_main_bsr,Top Features,XGBoost,0.847039746001436,0.010438563736298933,0.8907710280373832,0.8130841121495327,0.8990825688073395,0.8253275109170306,0.974649805659883,0.8678923923486769,0.7745901639344263,0.883177570093458,4280,20,0.5
"Clothing, Shoes & Jewelry",has_main_bsr,Top Features,RandomForest,0.8502462595203847,0.007562372620518315,0.8939836448598131,0.8095794392523364,0.9032258064516129,0.8252947481243301,0.980160999323085,0.8669589047078348,0.7623762376237624,0.8995327102803738,4280,20,0.5
Kitchen & Dining,has_main_bsr,Top Features,LogisticRegression,0.9258730094869936,0.008188138929856134,0.8875632682574114,0.8815028901734104,0.8917507831534981,0.8857938718662952,0.9285215735542998,0.9252564402419058,0.8548387096774194,0.9190751445086706,3458,20,0.5
Kitchen & Dining,has_main_bsr,Top Features,XGBoost,0.9615482950440484,0.0070492273788154295,0.9833694866232827,0.9176300578034682,0.9836298932384342,0.9191489361702128,0.9993720881962515,0.9654014500985666,0.9025069637883009,0.9364161849710982,3458,20,0.5
Kitchen & Dining,has_main_bsr,Top Features,RandomForest,0.9601186823340797,0.0036234983306411544,0.9631236442516269,0.9176300578034682,0.9644351464435147,0.9213793103448276,0.994824563742459,0.9553944334925991,0.8812664907651715,0.9653179190751445,3458,20,0.5
Electronics,has_main_bsr,Top Features,LogisticRegression,0.9838301454154935,0.006903920053037189,0.9500952380952381,0.943683409436834,0.9505473763684409,0.9445277361319341,0.98588981201122,0.9770553784565201,0.9292035398230089,0.9603658536585366,3282,20,0.5
Electronics,has_main_bsr,Top Features,XGBoost,0.9894464923228746,0.006401049216048834,0.9980952380952381,0.9512937595129376,0.9980995819080197,0.9523809523809523,0.9999936145115449,0.9872952034991473,0.9302325581395349,0.975609756097561,3282,20,0.5
Electronics,has_main_bsr,Top Features,RandomForest,0.9882651728441644,0.006951390677701883,0.9904761904761905,0.9467275494672754,0.990569596378725,0.9478390461997019,0.9995112198837144,0.9820594558529172,0.9271137026239067,0.9695121951219512,3282,20,0.5
Cell Phones & Accessories,has_main_bsr,Top Features,LogisticRegression,0.9868349970640047,0.005124791364342564,0.960919540229885,0.9602446483180428,0.9613928841786525,0.9604863221884499,0.9893835906011894,0.984138859793506,0.9518072289156626,0.9693251533742331,1632,20,0.5
Cell Phones & Accessories,has_main_bsr,Top Features,XGBoost,0.9882207868467411,0.0031574933488488343,1.0,0.9663608562691132,1.0,0.9665653495440729,1.0,0.9877674696992368,0.9578313253012049,0.9754601226993865,1632,20,0.5
Cell Phones & Accessories,has_main_bsr,Top Features,RandomForest,0.9896887844979447,0.0036265615539221633,0.9961685823754789,0.963302752293578,0.996186117467582,0.9636363636363636,0.9999600710265973,0.9883660032919348,0.9520958083832335,0.9754601226993865,1632,20,0.5
Tools & Home Improvement,has_main_bsr,Top Features,LogisticRegression,0.9647047931658461,0.007394458739198939,0.9180695847362514,0.852017937219731,0.9191583610188261,0.852017937219731,0.9714112964175946,0.9358108108108107,0.8482142857142857,0.8558558558558559,1114,20,0.5
Tools & Home Improvement,has_main_bsr,Top Features,XGBoost,0.9695515437164218,0.006274503390431805,1.0,0.8789237668161435,1.0,0.8778280542986425,1.0,0.9625160875160876,0.8818181818181818,0.8738738738738738,1114,20,0.5
Tools & Home Improvement,has_main_bsr,Top Features,RandomForest,0.9708264949711737,0.00775516219156871,0.9977553310886644,0.8923766816143498,0.9977628635346756,0.8928571428571429,1.0,0.9577702702702703,0.8849557522123894,0.9009009009009009,1114,20,0.5
Video Games,has_main_bsr,Top Features,LogisticRegression,0.9856873070513347,0.007275211568440443,0.9606205250596659,0.9476190476190476,0.9608540925266904,0.9483568075117371,0.990168659326388,0.9687074829931972,0.9351851851851852,0.9619047619047619,1048,20,0.5
Video Games,has_main_bsr,Top Features,XGBoost,0.9945629456601918,0.002634394236115177,1.0,0.9523809523809523,1.0,0.9528301886792453,1.0,0.9795918367346939,0.9439252336448598,0.9619047619047619,1048,20,0.5
Video Games,has_main_bsr,Top Features,RandomForest,0.9961447832144905,0.0018004795194292778,1.0,0.9714285714285714,1.0,0.9719626168224299,1.0,0.9833106575963718,0.9541284403669725,0.9904761904761905,1048,20,0.5
Pet Supplies,has_main_bsr,Top Features,LogisticRegression,0.873958671427026,0.013396960582498781,0.8201530612244898,0.8163265306122449,0.8295042321644498,0.8163265306122449,0.8924276343190337,0.8854643898375676,0.8163265306122449,0.8163265306122449,980,20,0.5
Pet Supplies,has_main_bsr,Top Features,XGBoost,0.8968312818848359,0.019778010403072945,0.9987244897959183,0.7755102040816326,0.9987261146496815,0.7821782178217822,0.9999934922948771,0.8750520616409829,0.7596153846153846,0.8061224489795918,980,20,0.5
Pet Supplies,has_main_bsr,Top Features,RandomForest,0.9047666009204471,0.014000990208453145,0.9885204081632653,0.8112244897959183,0.9886506935687264,0.8159203980099502,0.9999804768846314,0.8976468138275718,0.7961165048543689,0.8367346938775511,980,20,0.5
Sports & Outdoors,has_main_bsr,Top Features,LogisticRegression,0.8668983106790291,0.020718586512549774,0.8020231213872833,0.7873563218390804,0.8028776978417266,0.7810650887573964,0.8822713755888936,0.8627295547628484,0.8048780487804879,0.7586206896551724,866,20,0.5
Sports & Outdoors,has_main_bsr,Top Features,XGBoost,0.9083157799981997,0.019022666642675035,0.9985549132947977,0.8563218390804598,0.9985569985569985,0.8587570621468926,0.9999916468976577,0.9129343374289867,0.8444444444444444,0.8735632183908046,866,20,0.5
Sports & Outdoors,has_main_bsr,Top Features,RandomForest,0.9064290215140876,0.02421728266681664,0.9956647398843931,0.867816091954023,0.99568345323741,0.863905325443787,0.999883056567209,0.927335182983221,0.8902439024390244,0.8390804597701149,866,20,0.5
Industrial & Scientific,has_main_bsr,Top Features,LogisticRegression,0.9299107142857143,0.019537984635074404,0.8803149606299212,0.8805031446540881,0.8844984802431611,0.8834355828220859,0.9468186417475151,0.9356012658227848,0.8571428571428571,0.9113924050632911,794,20,0.5
Industrial & Scientific,has_main_bsr,Top Features,XGBoost,0.9376488095238097,0.011550831727319244,1.0,0.8616352201257862,1.0,0.8607594936708861,1.0,0.9408227848101267,0.8607594936708861,0.8607594936708861,794,20,0.5
Industrial & Scientific,has_main_bsr,Top Features,RandomForest,0.9411210317460318,0.012446937956271649,1.0,0.8679245283018868,1.0,0.8695652173913043,1.0,0.9463607594936709,0.8536585365853658,0.8860759493670886,794,20,0.5
Musical Instruments,has_main_bsr,Top Features,LogisticRegression,0.9849842368319877,0.012152803783090653,0.9664694280078896,0.968503937007874,0.9668615984405458,0.9692307692307692,0.9906476611372195,0.9861111111111112,0.9402985074626866,1.0,634,20,0.5
Musical Instruments,has_main_bsr,Top Features,XGBoost,0.9853871587850825,0.008091433666742115,1.0,0.952755905511811,1.0,0.953125,1.0,0.9861111111111112,0.9384615384615385,0.9682539682539683,634,20,0.5
Musical Instruments,has_main_bsr,Top Features,RandomForest,0.9880545943867742,0.005388971832045314,1.0,0.9606299212598425,1.0,0.9606299212598425,1.0,0.9851190476190476,0.953125,0.9682539682539683,634,20,0.5
Home & Kitchen,has_main_bsr,All Features,LogisticRegression,0.9552683896620279,0.00408005561244077,0.9996684899718217,0.9092113982770046,0.9996686547382373,0.9105160026126714,0.9999998351516474,0.9544802993307219,0.8970398970398971,0.9244031830238727,7542,7581,0.5
Home & Kitchen,has_main_bsr,All Features,XGBoost,0.9666960096798974,0.0019512194722721041,0.9782860931543179,0.9257786613651425,0.9786957228817694,0.9281129653401797,0.9977482814009735,0.9625450137895901,0.8992537313432836,0.9588859416445623,7542,7581,0.5
Home & Kitchen,has_main_bsr,All Features,RandomForest,0.967181158488538,0.005419385463505899,0.9835902536051716,0.9211398277004639,0.9838420107719928,0.9232753062540296,0.9986199445406182,0.9617000720220634,0.8983688833124216,0.9496021220159151,7542,7581,0.5
Health & Household,has_main_bsr,All Features,LogisticRegression,0.9671287929304156,0.002283248164681642,0.9993185689948892,0.9080381471389646,0.9993188010899182,0.9093351242444594,0.9999990713035706,0.9582287714661183,0.8966887417218543,0.9223433242506812,7338,7581,0.5
Health & Household,has_main_bsr,All Features,XGBoost,0.9724656613082278,0.0011037033082595487,0.9833049403747871,0.9359673024523161,0.9835404769902586,0.9368279569892473,0.9993126485551516,0.9736114307775691,0.9244031830238727,0.9495912806539509,7338,7581,0.5
Health & Household,has_main_bsr,All Features,RandomForest,0.9665083867551071,0.0008182169383239519,0.979557069846678,0.9243869209809265,0.9798927613941019,0.9262458471760797,0.9985522783535374,0.9666602320902227,0.9040207522697795,0.9495912806539509,7338,7581,0.5
Office Products,has_main_bsr,All Features,LogisticRegression,0.9899424181799529,0.0013310117948507382,1.0,0.9612573099415205,1.0,0.9616775126536515,1.0,0.9914760097123901,0.9513590844062947,0.9722222222222222,6840,7581,0.5
Office Products,has_main_bsr,All Features,XGBoost,0.9895266251795424,0.0008640247229285021,0.9943347953216374,0.9583333333333334,0.9943605603056213,0.9587852494577006,0.9999237211877159,0.990554786088027,0.9484978540772532,0.9692982456140351,6840,7581,0.5
Office Products,has_main_bsr,All Features,RandomForest,0.9873310377552068,0.0017434009666889275,0.993421052631579,0.9612573099415205,0.9934545454545455,0.9617880317231434,0.9998673470042064,0.9903410451078963,0.9487908961593172,0.9751461988304093,6840,7581,0.5
Baby,has_main_bsr,All Features,LogisticRegression,0.9650068076233115,0.0024475716275992676,1.0,0.9138673557278209,1.0,0.9148211243611585,1.0,0.9696272775832394,0.9040404040404041,0.9258620689655173,5804,7581,0.5
Baby,has_main_bsr,All Features,XGBoost,0.9659217828775274,0.003662474640905712,0.9877234546629334,0.921619293712317,0.9878645944219715,0.9224211423699915,0.9997352191224119,0.9780788177339902,0.9123102866779089,0.9327586206896552,5804,7581,0.5
Baby,has_main_bsr,All Features,RandomForest,0.958001845769033,0.002619947067104654,0.9840620288606504,0.9147286821705426,0.9843087362171332,0.9186524239934265,0.9997929253963641,0.9737106059706807,0.8775510204081632,0.9637931034482758,5804,7581,0.5
"Clothing, Shoes & Jewelry",has_main_bsr,All Features,LogisticRegression,0.7953553764118677,0.012583557310441503,0.9959112149532711,0.7464953271028038,0.9959088252483927,0.7407407407407407,0.9999648577386672,0.827583195038868,0.7579462102689487,0.7242990654205608,4280,7581,0.5
"Clothing, Shoes & Jewelry",has_main_bsr,All Features,XGBoost,0.8614837546621473,0.0016183372910011924,0.9404205607476636,0.8259345794392523,0.943301834352418,0.8360836083608361,0.9949371260590445,0.882877325530614,0.7900207900207901,0.8878504672897196,4280,7581,0.5
"Clothing, Shoes & Jewelry",has_main_bsr,All Features,RandomForest,0.8576011804994711,0.004586121824791596,0.9389602803738317,0.8212616822429907,0.9423448275862069,0.8301886792452831,0.9962459194034414,0.8760372084898244,0.7906976744186046,0.8738317757009346,4280,7581,0.5
Kitchen & Dining,has_main_bsr,All Features,LogisticRegression,0.987099314106998,0.002712406347350342,1.0,0.9407514450867052,1.0,0.9413447782546495,1.0,0.9826088409235191,0.9320113314447592,0.9508670520231214,3458,7581,0.5
Kitchen & Dining,has_main_bsr,All Features,XGBoost,0.9834588895528755,0.002939730801065231,0.9985538684020245,0.9421965317919075,0.9985559566787003,0.9428571428571428,0.9999801326823127,0.985833138427612,0.9322033898305084,0.953757225433526,3458,7581,0.5
Kitchen & Dining,has_main_bsr,All Features,RandomForest,0.9824487932957213,0.001398076549883455,0.9971077368040492,0.934971098265896,0.9971160778658976,0.9358059914407989,0.9998980492908152,0.9816315279494805,0.923943661971831,0.9479768786127167,3458,7581,0.5
Electronics,has_main_bsr,All Features,LogisticRegression,0.9920552821402326,0.0043937081274406636,1.0,0.9604261796042618,1.0,0.9611940298507463,1.0,0.9826061976425235,0.9415204678362573,0.9817073170731707,3282,7581,0.5
Electronics,has_main_bsr,All Features,XGBoost,0.990388667718532,0.00464892202742114,0.9992380952380953,0.958904109589041,0.9992389649923896,0.9593984962406015,1.0,0.982365260582697,0.9465875370919882,0.9725609756097561,3282,7581,0.5
Electronics,has_main_bsr,All Features,RandomForest,0.9915154174895248,0.003577250643698568,0.9954285714285714,0.954337899543379,0.9954510993176648,0.9550898203592815,0.9998839002099085,0.9811235080435912,0.9382352941176471,0.9725609756097561,3282,7581,0.5
Cell Phones & Accessories,has_main_bsr,All Features,LogisticRegression,0.996589579898251,0.0014598987221960285,1.0,0.9694189602446484,1.0,0.9696969696969697,1.0,0.9936779889271286,0.9580838323353293,0.9815950920245399,1632,7581,0.5
Cell Phones & Accessories,has_main_bsr,All Features,XGBoost,0.9907904564607732,0.0008396071024749767,1.0,0.963302752293578,1.0,0.9636363636363636,1.0,0.9931542720335179,0.9520958083832335,0.9754601226993865,1632,7581,0.5
Cell Phones & Accessories,has_main_bsr,All Features,RandomForest,0.9925238518017446,0.0036097671399456925,0.9992337164750957,0.9663608562691132,0.9992348890589136,0.9667673716012085,1.0,0.9958476732006584,0.9523809523809523,0.9815950920245399,1632,7581,0.5
Tools & Home Improvement,has_main_bsr,All Features,LogisticRegression,0.9851260656629783,0.003592091129126051,1.0,0.9147982062780269,1.0,0.9147982062780269,1.0,0.9763513513513514,0.9107142857142857,0.918918918918919,1114,7581,0.5
Tools & Home Improvement,has_main_bsr,All Features,XGBoost,0.9787774351532742,0.006109733013687251,1.0,0.9237668161434978,1.0,0.9251101321585903,1.0,0.9701576576576576,0.9051724137931034,0.9459459459459459,1114,7581,0.5
Tools & Home Improvement,has_main_bsr,All Features,RandomForest,0.9798430981316888,0.003763056864301251,1.0,0.905829596412556,1.0,0.9049773755656109,1.0,0.9671010296010295,0.9090909090909091,0.9009009009009009,1114,7581,0.5
Video Games,has_main_bsr,All Features,LogisticRegression,0.9988906425879703,0.0007845979974001421,1.0,0.9809523809523809,1.0,0.9813084112149533,1.0,0.9902947845804989,0.963302752293578,1.0,1048,7581,0.5
Video Games,has_main_bsr,All Features,XGBoost,0.9976665198453482,0.002247164538016628,1.0,0.9619047619047619,1.0,0.9629629629629629,1.0,0.980498866213152,0.9369369369369369,0.9904761904761905,1048,7581,0.5
Video Games,has_main_bsr,All Features,RandomForest,0.9975206773356824,0.0021938315298480767,1.0,0.9666666666666667,1.0,0.9665071770334929,1.0,0.9871655328798187,0.9711538461538461,0.9619047619047619,1048,7581,0.5
Pet Supplies,has_main_bsr,All Features,LogisticRegression,0.9212651226170253,0.006544511330499375,1.0,0.8418367346938775,1.0,0.845771144278607,1.0,0.9006663890045815,0.8252427184466019,0.8673469387755102,980,7581,0.5
Pet Supplies,has_main_bsr,All Features,XGBoost,0.9104608093186847,0.01507539951501201,1.0,0.7959183673469388,1.0,0.7959183673469388,1.0,0.8992086630570596,0.7959183673469388,0.7959183673469388,980,7581,0.5
Pet Supplies,has_main_bsr,All Features,RandomForest,0.9084713549954503,0.0028268825538724732,1.0,0.8163265306122449,1.0,0.8217821782178217,1.0,0.9117034568929612,0.7980769230769231,0.8469387755102041,980,7581,0.5
Sports & Outdoors,has_main_bsr,All Features,LogisticRegression,0.9315085935293222,0.012226907200715632,1.0,0.8563218390804598,1.0,0.8587570621468926,1.0,0.9335447218919276,0.8444444444444444,0.8735632183908046,866,7581,0.5
Sports & Outdoors,has_main_bsr,All Features,XGBoost,0.939148034678313,0.01760061881421697,1.0,0.8620689655172413,1.0,0.8604651162790697,1.0,0.9369797859690844,0.8705882352941177,0.8505747126436781,866,7581,0.5
Sports & Outdoors,has_main_bsr,All Features,RandomForest,0.9209870064967517,0.02048808546237726,0.9985549132947977,0.8390804597701149,0.9985569985569985,0.8313253012048193,1.0,0.9176905799973576,0.8734177215189873,0.7931034482758621,866,7581,0.5
Industrial & Scientific,has_main_bsr,All Features,LogisticRegression,0.9584719184932785,0.004730435985280572,1.0,0.89937106918239,1.0,0.8987341772151899,1.0,0.956487341772152,0.8987341772151899,0.8987341772151899,794,7581,0.5
Industrial & Scientific,has_main_bsr,All Features,XGBoost,0.9540753360796081,0.007165617737691024,1.0,0.9182389937106918,1.0,0.9221556886227545,1.0,0.9705696202531646,0.875,0.9746835443037974,794,7581,0.5
Industrial & Scientific,has_main_bsr,All Features,RandomForest,0.9485033932880141,0.01535514966348712,1.0,0.9182389937106918,1.0,0.9192546583850931,1.0,0.970886075949367,0.9024390243902439,0.9367088607594937,794,7581,0.5
Musical Instruments,has_main_bsr,All Features,LogisticRegression,0.9908496732026144,0.00993004990713574,1.0,0.968503937007874,1.0,0.9692307692307692,1.0,0.9990079365079365,0.9402985074626866,1.0,634,7581,0.5
Musical Instruments,has_main_bsr,All Features,XGBoost,0.9816526610644258,0.014245838784259253,1.0,0.9763779527559056,1.0,0.9763779527559056,1.0,0.9972718253968254,0.96875,0.9841269841269841,634,7581,0.5
Musical Instruments,has_main_bsr,All Features,RandomForest,0.9857142857142858,0.01128182919733989,1.0,0.952755905511811,1.0,0.9516129032258065,1.0,0.9967757936507936,0.9672131147540983,0.9365079365079365,634,7581,0.5
