BSR_Group,Target,Feature_Set,Model,Model_Type,CV_R2_Mean,CV_R2_Std,Train_R2,Test_R2,Test_RMSE,Test_MAE,N_Samples,N_Features
Home & Kitchen,Main BSR,Top Features,Linear Regression,linear,0.036067650153446415,0.009337412704209154,0.0509667852340695,0.021759990519535144,2.18456969964973,1.6926555441887594,3771,20
Home & Kitchen,Main BSR,Top Features,Ridge,linear,0.03610606065315414,0.009278128882894613,0.05096672664281676,0.021775311575817136,2.1845525923723503,1.6926316820009308,3771,20
Home & Kitchen,Main BSR,Top Features,Random Forest,nonlinear,0.173488769686516,0.023023812329758763,0.8027711973302643,0.15787911860965342,2.0268910880714244,1.5446232136663145,3771,20
Home & Kitchen,Main BSR,Top Features,XGBoost,nonlinear,0.16128329863845,0.021254192082027966,0.7716914222321746,0.12143457606748842,2.070285539899627,1.5817622511944336,3771,20
Home & Kitchen,Main BSR,Top Features,LightGBM,nonlinear,0.15214766513575578,0.03961327024290996,0.7541705797781956,0.1287425803701907,2.06165712743536,1.5586819701914658,3771,20
Health & Household,Main BSR,Top Features,Linear Regression,linear,0.08578550753925654,0.020162261098451078,0.10113410312864324,0.08863246811483516,1.9403645867772394,1.4728055549901222,3669,20
Health & Household,Main BSR,Top Features,Ridge,linear,0.08582997315595257,0.020100352403622294,0.10113405186079005,0.08866000637082416,1.9403352711287845,1.472762348165652,3669,20
Health & Household,Main BSR,Top Features,Random Forest,nonlinear,0.1998364925176144,0.02980674654145333,0.8132989072740286,0.2680753507610235,1.738880551722189,1.3172725659449833,3669,20
Health & Household,Main BSR,Top Features,XGBoost,nonlinear,0.17627441548979628,0.04394151634101053,0.8210272208729494,0.223703082254468,1.7908140559822652,1.36309462940565,3669,20
Health & Household,Main BSR,Top Features,LightGBM,nonlinear,0.16804847439955534,0.041137418082933606,0.7919499356400619,0.21618940094511585,1.7994597195351667,1.3804684012608526,3669,20
Office Products,Main BSR,Top Features,Linear Regression,linear,0.08705137016796663,0.04805771804424857,0.10712345735253437,0.1017708800782795,1.5135037974744214,1.1925342407330792,3420,20
Office Products,Main BSR,Top Features,Ridge,linear,0.08707728657106062,0.048044881368048874,0.10712343127654922,0.10176620604689002,1.513507735308821,1.1925333804917553,3420,20
Office Products,Main BSR,Top Features,Random Forest,nonlinear,0.1672769528735794,0.03395941373074439,0.7954747574908428,0.12120560049172369,1.497040639147585,1.166002060581211,3420,20
Office Products,Main BSR,Top Features,XGBoost,nonlinear,0.13579123486218314,0.059457881279173966,0.7896971992958396,0.09175024792850084,1.5219226964632013,1.1789301296207126,3420,20
Office Products,Main BSR,Top Features,LightGBM,nonlinear,0.12056377539210887,0.0660591115230086,0.7603491157069687,0.06068159104785087,1.547734155154561,1.2079969894297031,3420,20
Baby,Main BSR,Top Features,Linear Regression,linear,0.05577209672664489,0.028309545880259916,0.0719203382181518,0.04368593181721159,1.6016935740469942,1.2712967866924028,2902,20
Baby,Main BSR,Top Features,Ridge,linear,0.055799312154376036,0.028301838809423167,0.07192017027705533,0.04371525119138864,1.6016690209139175,1.2712621998625502,2902,20
Baby,Main BSR,Top Features,Random Forest,nonlinear,0.11685424850076187,0.04759717394684557,0.7830678924191533,0.10077926055464637,1.5531461278828569,1.2291364211774258,2902,20
Baby,Main BSR,Top Features,XGBoost,nonlinear,0.08956008852458472,0.054582336491590465,0.8432348859076444,0.0754681706940814,1.5748532629038234,1.2426436068814082,2902,20
Baby,Main BSR,Top Features,LightGBM,nonlinear,0.08083549601072156,0.05043767105907703,0.8113793191428774,0.026256633119227657,1.6162234995119193,1.279154623030016,2902,20
"Clothing, Shoes & Jewelry",Main BSR,Top Features,Linear Regression,linear,0.10255809314299871,0.01728719992992991,0.1276752829614317,0.09552591272959754,2.0249974988423682,1.5820277419785589,2140,20
"Clothing, Shoes & Jewelry",Main BSR,Top Features,Ridge,linear,0.1026569226397854,0.0172659725255993,0.1276751658607299,0.09567678420372971,2.0248286011903986,1.5818720332789675,2140,20
"Clothing, Shoes & Jewelry",Main BSR,Top Features,Random Forest,nonlinear,0.21861399891276512,0.017837894933581126,0.8107196015536584,0.28333644898348387,1.802536572880766,1.3587862566635327,2140,20
"Clothing, Shoes & Jewelry",Main BSR,Top Features,XGBoost,nonlinear,0.204046048315091,0.013038191112137297,0.9002072465767824,0.2833581680720002,1.8025092589843474,1.3646287921407199,2140,20
"Clothing, Shoes & Jewelry",Main BSR,Top Features,LightGBM,nonlinear,0.18602027477038965,0.021052465947173075,0.8811214184056996,0.25772193907678953,1.8344663038564981,1.3755097304860358,2140,20
Kitchen & Dining,Main BSR,Top Features,Linear Regression,linear,0.09798990070539557,0.050549552900434724,0.13496084537104103,0.06428045372675528,1.9967022546802151,1.5359503284113762,1729,20
Kitchen & Dining,Main BSR,Top Features,Ridge,linear,0.09814072815437776,0.05042210918763854,0.13496022267929442,0.06447693941426613,1.996492606386368,1.5357471185257139,1729,20
Kitchen & Dining,Main BSR,Top Features,Random Forest,nonlinear,0.20571138158402222,0.04756324105532102,0.80333736225951,0.18499212909229779,1.863465510076496,1.429777736483938,1729,20
Kitchen & Dining,Main BSR,Top Features,XGBoost,nonlinear,0.1781617596881387,0.07425860987413031,0.9172723423709641,0.2069119054308899,1.8382356010667829,1.4068078611568047,1729,20
Kitchen & Dining,Main BSR,Top Features,LightGBM,nonlinear,0.15273219789852052,0.08385486094810253,0.913204966678814,0.17700827677444175,1.8725705603792324,1.4253462999169488,1729,20
Electronics,Main BSR,Top Features,Linear Regression,linear,0.05402456324097118,0.03778195175167546,0.09824127631196844,0.07383570730201183,1.683248740888418,1.3409424886931196,1641,20
Electronics,Main BSR,Top Features,Ridge,linear,0.05442162048063026,0.037650272107668144,0.09823835222381028,0.0740318047665941,1.6830705336918834,1.3408557219334332,1641,20
Electronics,Main BSR,Top Features,Random Forest,nonlinear,0.1435272955319828,0.02497826519244306,0.7926098118273195,0.17542357973000022,1.5882531941236482,1.2554677942654509,1641,20
Electronics,Main BSR,Top Features,XGBoost,nonlinear,0.08701997085308869,0.04500726173279844,0.9037465272740819,0.12677513439222088,1.6344337765768184,1.2986993520258274,1641,20
Electronics,Main BSR,Top Features,LightGBM,nonlinear,0.07119500918785075,0.061479323711868684,0.9086401468678302,0.10277435467891782,1.6567429107838956,1.2863453301385213,1641,20
Cell Phones & Accessories,Main BSR,Top Features,Linear Regression,linear,0.027843065289100168,0.07628976957823091,0.09094776009256011,0.05182367637136365,1.5017459780757663,1.1292968683951325,816,20
Cell Phones & Accessories,Main BSR,Top Features,Ridge,linear,0.028419786324047867,0.07588730380948518,0.09088304214748344,0.05107633693215796,1.5023376891890619,1.1301868998148203,816,20
Cell Phones & Accessories,Main BSR,Top Features,Random Forest,nonlinear,0.09559907454509278,0.05347507349308007,0.7707214632991742,0.07943531124203607,1.4797184206401712,1.1344153881662429,816,20
Cell Phones & Accessories,Main BSR,Top Features,XGBoost,nonlinear,0.0509476779004403,0.07360315494067857,0.9783443455809346,-0.0168541434199998,1.555182123601757,1.2046579995960793,816,20
Cell Phones & Accessories,Main BSR,Top Features,LightGBM,nonlinear,0.013520086372592633,0.06424991502644678,0.9582247054027939,-0.03953446994751042,1.5724301829506426,1.2206558212043621,816,20
Tools & Home Improvement,Main BSR,Top Features,Linear Regression,linear,-0.03428120233403973,0.03414724090331446,0.09331472469167523,-0.05326612670564468,1.9034629509420424,1.528044613243121,557,20
Tools & Home Improvement,Main BSR,Top Features,Ridge,linear,-0.03215727347022612,0.03367011554804951,0.09327537488091264,-0.05327453951210792,1.9034705527404077,1.5284079690361025,557,20
Tools & Home Improvement,Main BSR,Top Features,Random Forest,nonlinear,0.029639995582326994,0.04031370464815639,0.7670794870014909,0.04048366884444066,1.816776714273277,1.5115285098202218,557,20
Tools & Home Improvement,Main BSR,Top Features,XGBoost,nonlinear,-0.07916751567374707,0.13477098022391024,0.9876848589684418,-0.012691285917856288,1.8664394523193664,1.5264587608383822,557,20
Tools & Home Improvement,Main BSR,Top Features,LightGBM,nonlinear,-0.11518696878674653,0.16545863416808515,0.9422287129340476,-0.0638721976106571,1.9130225932644374,1.5580580125132089,557,20
Video Games,Main BSR,Top Features,Linear Regression,linear,0.048666977309517724,0.11320115550149473,0.1546819715322315,0.13186615755765885,1.4928425636844516,1.1826034248192137,524,20
Video Games,Main BSR,Top Features,Ridge,linear,0.05090030379384165,0.11134255744748188,0.15466428522996511,0.13258782991354967,1.492221940949268,1.1822669235677954,524,20
Video Games,Main BSR,Top Features,Random Forest,nonlinear,0.06216095390318188,0.11562402175190217,0.7781773712358946,0.10650339258117847,1.5144924746492072,1.1593068207473463,524,20
Video Games,Main BSR,Top Features,XGBoost,nonlinear,-0.006896565731130866,0.11566449568519546,0.9891246232151818,0.0716682945475412,1.5437332464865383,1.1837580898253761,524,20
Video Games,Main BSR,Top Features,LightGBM,nonlinear,-0.09280263273181488,0.1771241251834294,0.9370917829452343,0.04875178372951128,1.5626711471450174,1.200390929097041,524,20
Pet Supplies,Main BSR,Top Features,Linear Regression,linear,0.02614880299402882,0.07109950502118437,0.16368699809289422,0.036891341871989836,1.3793266323383526,1.0533430142907398,490,20
Pet Supplies,Main BSR,Top Features,Ridge,linear,0.029633176032885178,0.07142061881529058,0.16354667960742342,0.04077002517118522,1.3765463808969598,1.0517603600787777,490,20
Pet Supplies,Main BSR,Top Features,Random Forest,nonlinear,0.07555944564834063,0.042828130708484076,0.7786428596751771,0.06457529390551697,1.3593581529012488,0.9979405942116387,490,20
Pet Supplies,Main BSR,Top Features,XGBoost,nonlinear,0.01670748673693574,0.07961763889400154,0.995178958752133,0.0832151860288598,1.3457462664666653,0.9934611486540476,490,20
Pet Supplies,Main BSR,Top Features,LightGBM,nonlinear,-0.05636786052163554,0.0920661516913629,0.9457239246816915,0.0770777189640568,1.3502433392606528,0.9618172516696728,490,20
Sports & Outdoors,Main BSR,Top Features,Linear Regression,linear,0.034590575191313366,0.17433258474722016,0.19767166450426255,0.2631326996115706,1.9737137370481026,1.658927376296832,433,20
Sports & Outdoors,Main BSR,Top Features,Ridge,linear,0.037348148782545686,0.17524396263514763,0.1975638414631269,0.2661453048386794,1.9696749432283551,1.6531853911890149,433,20
Sports & Outdoors,Main BSR,Top Features,Random Forest,nonlinear,0.18834079726312253,0.12421122486855081,0.8124794492681077,0.3147173210016935,1.903375167710633,1.5436487233378005,433,20
Sports & Outdoors,Main BSR,Top Features,XGBoost,nonlinear,0.12145915962962106,0.1500947579179869,0.9965165157498964,0.36445819437828364,1.8329962789691363,1.4976281623032552,433,20
Sports & Outdoors,Main BSR,Top Features,LightGBM,nonlinear,0.11974954139266047,0.18024082879915126,0.9535781712350089,0.33460374812332494,1.8755545356211947,1.510295423167931,433,20
Industrial & Scientific,Main BSR,Top Features,Linear Regression,linear,0.09083368016860102,0.060180206950182544,0.18320551466305213,-0.06897479611889801,2.220605234403318,1.7519660321415542,397,20
Industrial & Scientific,Main BSR,Top Features,Ridge,linear,0.09408424672573272,0.060066480508713736,0.1830097069197174,-0.06269996898093533,2.2140782226753566,1.7474370307949503,397,20
Industrial & Scientific,Main BSR,Top Features,Random Forest,nonlinear,0.2768656463969202,0.07930174150076705,0.827406831759094,0.16603906409445202,1.961374299806287,1.5754718920475967,397,20
Industrial & Scientific,Main BSR,Top Features,XGBoost,nonlinear,0.3006042106740856,0.09294601251301494,0.9977611935291244,0.03773574116134393,2.1068557603792524,1.6839190087547782,397,20
Industrial & Scientific,Main BSR,Top Features,LightGBM,nonlinear,0.19602976543179046,0.09447555776535813,0.950651211510809,0.14046745781322112,1.9912179026809158,1.5548325270887275,397,20
Musical Instruments,Main BSR,Top Features,Linear Regression,linear,-0.052933876662851875,0.20065713030819576,0.18470320247879313,-0.12175689728249228,2.3088542919886867,1.8594132001243158,317,20
Musical Instruments,Main BSR,Top Features,Ridge,linear,-0.03877627812895945,0.20325819698658612,0.18456370671922995,-0.11842397839865315,2.3054217530265273,1.8557812973874996,317,20
Musical Instruments,Main BSR,Top Features,Random Forest,nonlinear,-0.04586710575476418,0.1760324195749726,0.7768133846182321,0.020027436350145367,2.1580132672214623,1.730280227100307,317,20
Musical Instruments,Main BSR,Top Features,XGBoost,nonlinear,-0.17579150440829708,0.13840769155317714,0.9963027930789785,-0.21253031611902196,2.4004543693202067,1.9188072615732379,317,20
Musical Instruments,Main BSR,Top Features,LightGBM,nonlinear,-0.14996148951735708,0.09822550277501238,0.9229030718178957,0.003799260499479873,2.1758080629172016,1.7479554928255687,317,20
Home & Kitchen,Main BSR,All Features,Linear Regression,linear,-8.670443398190933,0.47930454310226145,0.7596537112020768,-1.1730144407733825,3.255925815842244,2.513426623079254,3771,7581
Home & Kitchen,Main BSR,All Features,Ridge,linear,-6.448989248665612,0.4453541886244814,0.7596016383567407,-1.1543348685101225,3.2419013877748073,2.5008685738106085,3771,7581
Home & Kitchen,Main BSR,All Features,Random Forest,nonlinear,0.1668497065186888,0.010896010626054503,0.8038410995802215,0.1990518310597419,1.976721115359793,1.5359747363368839,3771,7581
Home & Kitchen,Main BSR,All Features,XGBoost,nonlinear,0.23629764952633384,0.0061273611110387125,0.8307466364964143,0.2573355824238157,1.903441366070697,1.446221191840262,3771,7581
Home & Kitchen,Main BSR,All Features,LightGBM,nonlinear,0.27260653590529416,0.023425575322443503,0.8538884522882911,0.24782111620284752,1.9155953033323803,1.4526176378082498,3771,7581
Health & Household,Main BSR,All Features,Linear Regression,linear,-35.56814215710171,18.509110221937416,0.781305262206755,-0.8953521446029222,2.798217826890459,2.1317752851771608,3669,7581
Health & Household,Main BSR,All Features,Ridge,linear,-10.507821274937397,2.4454408736437263,0.7796973552317705,-0.8925994492296281,2.79618510699897,2.12847302526859,3669,7581
Health & Household,Main BSR,All Features,Random Forest,nonlinear,0.22175515227918483,0.006813280921657545,0.8393884637334127,0.2950474249600782,1.7065401647523029,1.3021962261701006,3669,7581
Health & Household,Main BSR,All Features,XGBoost,nonlinear,0.2766374113527595,0.006635813949380138,0.882895407850347,0.3496608082434932,1.6391040637976595,1.2406421586158078,3669,7581
Health & Household,Main BSR,All Features,LightGBM,nonlinear,0.28826691498221274,0.033388219078058556,0.8767532184556147,0.37793287124017705,1.6030799784309417,1.2248268889531713,3669,7581
Office Products,Main BSR,All Features,Linear Regression,linear,-11372.056855096213,11086.360494059385,0.8000743545723803,-1.8141061653222508,2.678922738805244,2.081467172367634,3420,7581
Office Products,Main BSR,All Features,Ridge,linear,-12.0860202486764,1.023538748643695,0.7990634087438505,-1.7440835587760164,2.6453833489302117,2.0540758542616953,3420,7581
Office Products,Main BSR,All Features,Random Forest,nonlinear,0.1860775570065232,0.0037743340562358544,0.8336163536198223,0.1671564370119989,1.4573761783647685,1.153078532961946,3420,7581
Office Products,Main BSR,All Features,XGBoost,nonlinear,0.23271262123328487,0.011919885481395118,0.863926985775562,0.21516337698743127,1.4147496004332825,1.0986482418064818,3420,7581
Office Products,Main BSR,All Features,LightGBM,nonlinear,0.25544748954625524,0.009092439061915194,0.8693136552937775,0.18677014291454253,1.4401131208394646,1.120088345367272,3420,7581
Baby,Main BSR,All Features,Linear Regression,linear,-68891.64780487948,97420.5113423606,0.8704173560449575,-383.3237365537149,32.10907280951017,3.723222404916552,2902,7581
Baby,Main BSR,All Features,Ridge,linear,-4.193472175280934,0.31936168663174674,0.86946638060779,-2.2534714772942888,2.9542868592191316,2.3393693493353305,2902,7581
Baby,Main BSR,All Features,Random Forest,nonlinear,0.11344887026214112,0.02107669191650927,0.7790607961874831,0.13461414682225392,1.5236459322145035,1.2093857219781328,2902,7581
Baby,Main BSR,All Features,XGBoost,nonlinear,0.1338037239390072,0.01771729702850014,0.8819433689882352,0.12454905257113169,1.5324808964212702,1.2067739813980594,2902,7581
Baby,Main BSR,All Features,LightGBM,nonlinear,0.1399093522456193,0.03179548270670462,0.8958177066250379,0.16168716366085223,1.4996234361282275,1.187264892063042,2902,7581
"Clothing, Shoes & Jewelry",Main BSR,All Features,Linear Regression,linear,-13.737022861592253,17.314870568560863,0.9992706246676248,-67.17357495231815,17.58063109185079,12.470595571670627,2140,7581
"Clothing, Shoes & Jewelry",Main BSR,All Features,Ridge,linear,-1.539379552449735,0.27865014415685874,0.9984601845100446,-7.343877317394718,6.150499415444784,4.451360332171936,2140,7581
"Clothing, Shoes & Jewelry",Main BSR,All Features,Random Forest,nonlinear,0.20354567527782272,0.005177672241055491,0.8581887325657062,0.30834579965922393,1.7708058007683556,1.3354334641454293,2140,7581
"Clothing, Shoes & Jewelry",Main BSR,All Features,XGBoost,nonlinear,0.2724407558751761,0.022838338401357315,0.941950059898185,0.3979055957467653,1.6521851794258908,1.2434151819474863,2140,7581
"Clothing, Shoes & Jewelry",Main BSR,All Features,LightGBM,nonlinear,0.3306793936531087,0.010851846976190084,0.9490084714530205,0.41913388741937607,1.622797937116338,1.207059156544797,2140,7581
Kitchen & Dining,Main BSR,All Features,Linear Regression,linear,-30.256994451966026,40.98552399740955,0.9997340191046113,-4.3487871398836315,4.7738428139293365,3.695200997463065,1729,7581
Kitchen & Dining,Main BSR,All Features,Ridge,linear,-0.9854373218985785,0.16130354289072993,0.9993883283387498,-3.024070470598656,4.140695042254853,3.2329327196733595,1729,7581
Kitchen & Dining,Main BSR,All Features,Random Forest,nonlinear,0.2082852567532514,0.04382602334592854,0.837449616999431,0.18774283035473094,1.8603181973748326,1.4206581039376036,1729,7581
Kitchen & Dining,Main BSR,All Features,XGBoost,nonlinear,0.24858688601358522,0.030676711673156328,0.9448468407801065,0.2307280102325755,1.8104244963254623,1.4100450088462209,1729,7581
Kitchen & Dining,Main BSR,All Features,LightGBM,nonlinear,0.245216242088387,0.022239165289183384,0.9605085688764845,0.24567208300099663,1.792753371791898,1.406577488190679,1729,7581
Electronics,Main BSR,All Features,Linear Regression,linear,-138.69512611840503,79.180943316014,0.9991659216871834,-155.00617129577162,21.846163061377283,17.257611846920614,1641,7581
Electronics,Main BSR,All Features,Ridge,linear,-1.0729849755404537,0.08598178287335916,0.9982571857107612,-2.8955426623889506,3.4521389198847556,2.715404071473041,1641,7581
Electronics,Main BSR,All Features,Random Forest,nonlinear,0.14590680642254628,0.007988649053550421,0.8372520559872605,0.174474547610173,1.5891669177075192,1.2464435975306658,1641,7581
Electronics,Main BSR,All Features,XGBoost,nonlinear,0.16301497528967826,0.03181789953643207,0.9353103869748833,0.20230748185466563,1.5621475103448415,1.2036712930400213,1641,7581
Electronics,Main BSR,All Features,LightGBM,nonlinear,0.15536102324173984,0.01533289674171511,0.9612693460210944,0.22933988881443435,1.535450153144993,1.2185810232875274,1641,7581
Cell Phones & Accessories,Main BSR,All Features,Linear Regression,linear,-67208.77454947877,95047.08967967058,0.9984717560695068,-305906.534296506,852.9960321053208,581.7690816361971,816,7581
Cell Phones & Accessories,Main BSR,All Features,Ridge,linear,-0.36461564304203303,0.06378967624484169,0.9982389725928164,-0.5063817743621513,1.8928641696630446,1.4325417804428753,816,7581
Cell Phones & Accessories,Main BSR,All Features,Random Forest,nonlinear,0.11852699838461518,0.06544895956434107,0.8340730764930528,0.1251401496108846,1.4425177548092056,1.0963120031407436,816,7581
Cell Phones & Accessories,Main BSR,All Features,XGBoost,nonlinear,0.12199683503256502,0.042743643757114556,0.9819743734039201,0.1333076197407682,1.435768475156244,1.0840932196186661,816,7581
Cell Phones & Accessories,Main BSR,All Features,LightGBM,nonlinear,0.14719894511451934,0.0526315583678465,0.9730147832552708,0.17740082786354716,1.3987691916340046,1.0823910323291006,816,7581
Tools & Home Improvement,Main BSR,All Features,Linear Regression,linear,-0.18650027009883083,0.09651370101043392,0.9999999999727902,-0.7639976022187167,2.4633400318605494,1.8084429827846613,557,7581
Tools & Home Improvement,Main BSR,All Features,Ridge,linear,-0.18477655303352422,0.09595637904509521,0.9999988097158423,-0.742953344351986,2.448602284901528,1.7947875640345095,557,7581
Tools & Home Improvement,Main BSR,All Features,Random Forest,nonlinear,0.07910059827713034,0.012005512554627087,0.8306758314421628,0.07209231919570092,1.7866017466340656,1.4898612148038826,557,7581
Tools & Home Improvement,Main BSR,All Features,XGBoost,nonlinear,0.12554922263420676,0.020266996553088723,0.9917150539384966,0.12117076236237945,1.7387118655335705,1.428246764916508,557,7581
Tools & Home Improvement,Main BSR,All Features,LightGBM,nonlinear,0.09671117742901177,0.01664621254865606,0.9722863745596382,0.12195278103080065,1.7379381044348527,1.3911526953479203,557,7581
Video Games,Main BSR,All Features,Linear Regression,linear,-0.43841726484565274,0.1296194119966316,1.0,-0.330016283394994,1.847775246445848,1.4239285876706278,524,7581
Video Games,Main BSR,All Features,Ridge,linear,-0.43511567445478155,0.12966029288194494,0.9999984392829594,-0.3286110296805236,1.8467988376253797,1.4248927309212367,524,7581
Video Games,Main BSR,All Features,Random Forest,nonlinear,0.1246537890782488,0.022879599143934493,0.8406620872197191,0.17460209204208887,1.4556345249110294,1.1195859324445179,524,7581
Video Games,Main BSR,All Features,XGBoost,nonlinear,0.1756114823334457,0.04231189988920534,0.9893455643821996,0.13078164385742685,1.493774737281268,1.1565886495376163,524,7581
Video Games,Main BSR,All Features,LightGBM,nonlinear,0.16106885960030506,0.06583582371539634,0.9723992502777428,0.05697396325894,1.5559029621959308,1.217711555863165,524,7581
Pet Supplies,Main BSR,All Features,Linear Regression,linear,-0.1815827692460489,0.021694549092503682,1.0,-0.21963049684442448,1.5521854778118322,1.1482145706153186,490,7581
Pet Supplies,Main BSR,All Features,Ridge,linear,-0.18110522904473547,0.021813777967145107,0.9999994922839425,-0.21903687605171895,1.5518076905553715,1.1480384747692334,490,7581
Pet Supplies,Main BSR,All Features,Random Forest,nonlinear,0.022629931358666828,0.031043900518123807,0.8285288828053695,0.060226820908824696,1.36251408752112,1.0241482154405617,490,7581
Pet Supplies,Main BSR,All Features,XGBoost,nonlinear,-0.00503456587802283,0.044871227698757635,0.9921251668621117,0.0285054208719574,1.385318611745181,1.0533202373048234,490,7581
Pet Supplies,Main BSR,All Features,LightGBM,nonlinear,-0.02454450008064805,0.02465631571164714,0.9662188563547236,-0.006796821591043223,1.410263923230487,1.0508740770682494,490,7581
Sports & Outdoors,Main BSR,All Features,Linear Regression,linear,0.16221729189665693,0.09241799942237765,1.0,0.18824038208738392,2.0715873151343875,1.6156496711877106,433,7581
Sports & Outdoors,Main BSR,All Features,Ridge,linear,0.16245076924354318,0.09235750566285757,0.9999996386836368,0.1890170495406368,2.070596061419561,1.6148959918261667,433,7581
Sports & Outdoors,Main BSR,All Features,Random Forest,nonlinear,0.09233286763378461,0.04822375454704142,0.8583823626008718,0.27915784159035717,1.9521339335942882,1.611636652183929,433,7581
Sports & Outdoors,Main BSR,All Features,XGBoost,nonlinear,0.17418855505692563,0.10896133119903247,0.9944936469010967,0.3803810357821945,1.8098887156504913,1.426993264385067,433,7581
Sports & Outdoors,Main BSR,All Features,LightGBM,nonlinear,0.24247577857711375,0.04112560501228555,0.9812924980194242,0.4048168027974962,1.773841668885119,1.47227849366361,433,7581
Industrial & Scientific,Main BSR,All Features,Linear Regression,linear,-0.9682593041950988,0.7859655693515837,0.9999883114185772,-1.9445640499635335,3.685514541634453,2.703813629036033,397,7581
Industrial & Scientific,Main BSR,All Features,Ridge,linear,-0.35119063626209246,0.37535318839888004,0.9997255442863461,-0.9944135973776962,3.033159437692633,2.218788026547941,397,7581
Industrial & Scientific,Main BSR,All Features,Random Forest,nonlinear,0.23300281333302705,0.06544970512738944,0.8637682835028019,0.24273044649145847,1.8690153766564557,1.4946562677283552,397,7581
Industrial & Scientific,Main BSR,All Features,XGBoost,nonlinear,0.23656674146648438,0.08063105500873145,0.9957892813989109,0.33776873909676586,1.7478029391151617,1.35049120494159,397,7581
Industrial & Scientific,Main BSR,All Features,LightGBM,nonlinear,0.22341178805157744,0.04384162705537905,0.9753873056142822,0.2551650005729045,1.8536070143047458,1.4828423225349332,397,7581
Musical Instruments,Main BSR,All Features,Linear Regression,linear,-89.83390225661658,127.00737863089071,1.0,-105.54286917054287,22.50138994249267,17.246611071864347,317,7581
Musical Instruments,Main BSR,All Features,Ridge,linear,-0.13579576271823324,0.15717336311345545,0.9976671703689728,-0.10459408906039469,2.291123549850895,1.7580295502995926,317,7581
Musical Instruments,Main BSR,All Features,Random Forest,nonlinear,0.012346962320886945,0.0994101091927947,0.8452025260666479,0.12403724150232731,2.0402809433334497,1.6511412945660995,317,7581
Musical Instruments,Main BSR,All Features,XGBoost,nonlinear,-0.054902958524355526,0.12716009749899282,0.9952740004212446,0.12992353743224538,2.0334142466238956,1.7098803565411078,317,7581
Musical Instruments,Main BSR,All Features,LightGBM,nonlinear,-0.08534772623249132,0.1234031081105162,0.9690520923679252,-0.017484166746947416,2.1989278603497002,1.8068461389210535,317,7581
