,0
0,keyword
1,source_file
2,asin
3,item_name
4,brand
5,image_count
6,main_image_url
7,has_aplus
8,has_brand_story
9,review_count
10,avg_rating
11,bsr_best
12,bsr_paths
13,units_per_month
14,sales_velocity_daily
15,product_url
16,image_list
17,image_path
18,edge_density
19,bg_white_pct
20,bg_neutral_pct
21,n_clusters_sig
22,color_entropy
23,largest_cluster_pct
24,edge_density_z
25,n_clusters_sig_z
26,color_entropy_z
27,bg_white_pct_z
28,bg_neutral_pct_z
29,largest_cluster_pct_z
30,clutter_score
31,sd_title
32,sd_parent_asin
33,sd_price
34,sd_list_price
35,sd_previous_price
36,sd_price_symbol
37,sd_availability_status
38,sd_aplus
39,sd_is_prime_exclusive
40,sd_is_frequently_returned
41,sd_number_bought_past_month
42,sd_average_rating
43,sd_total_reviews
44,sd_ratings_count
45,sd_stars
46,sd_ratings_distribution
47,sd_customer_sentiments
48,sd_error
49,sd_errors
50,sd_rating_pct_1
51,sd_rating_pct_2
52,sd_rating_pct_3
53,sd_rating_pct_4
54,sd_rating_pct_5
55,sd_sent_360_rotation
56,sd_sent_3d_effect
57,sd_sent_4k_performance
58,sd_sent_Ability_to_pick_up_channels
59,sd_sent_Access_control
60,sd_sent_Access_to_local_channels
61,sd_sent_Accessibility
62,sd_sent_Accessories
63,sd_sent_Accessory_compatibility
64,sd_sent_Accessory_pack
65,sd_sent_Accessory_quality
66,sd_sent_Accessory_size
67,sd_sent_Accessory_value
68,sd_sent_Accuracy
69,sd_sent_Acting_quality
70,sd_sent_Action_button_lock
71,sd_sent_Action_content
72,sd_sent_Action_level
73,sd_sent_Activity_tracker
74,sd_sent_Activity_tracking
75,sd_sent_Actuation
76,sd_sent_Actuation_adjustment
77,sd_sent_Actuation_force
78,sd_sent_Actuation_points
79,sd_sent_Actuation_quality
80,sd_sent_Adaptability
81,sd_sent_Adapter
82,sd_sent_Adapter_compatibility
83,sd_sent_Adapter_quality
84,sd_sent_Adapter_size
85,sd_sent_Addiction
86,sd_sent_Addition
87,sd_sent_Adherence
88,sd_sent_Adhesion
89,sd_sent_Adhesive_quality
90,sd_sent_Adhesive_strength
91,sd_sent_Adjustability
92,sd_sent_Adjusting_capability
93,sd_sent_Adjustment_ability
94,sd_sent_Adjustment_angle
95,sd_sent_Adjustment_capability
96,sd_sent_Adjustment_capacity
97,sd_sent_Adjustment_ease
98,sd_sent_Adjustment_level
99,sd_sent_Adjustment_options
100,sd_sent_Adjustment_range
101,sd_sent_Adorability
102,sd_sent_Adventure_mode
103,sd_sent_Adventure_scope
104,sd_sent_Advertising
105,sd_sent_Advice
106,sd_sent_Aesthetic
107,sd_sent_Aesthetic_appeal
108,sd_sent_Aesthetic_design
109,sd_sent_Aesthetic_value
110,sd_sent_Aesthetically
111,sd_sent_Aesthetically_pleasing
112,sd_sent_Aesthetics
113,sd_sent_Affordability
114,sd_sent_Age_range
115,sd_sent_Ages
116,sd_sent_Ai_examples
117,sd_sent_Ai_feature
118,sd_sent_Ai_features
119,sd_sent_Ai_tracking
120,sd_sent_Ai_tracking_functionality
121,sd_sent_Aiming
122,sd_sent_Aiming_ability
123,sd_sent_Aiming_accuracy
124,sd_sent_Aiming_improvement
125,sd_sent_Aiming_mechanics
126,sd_sent_Air_bubble_size
127,sd_sent_Air_bubbles
128,sd_sent_Air_cooling
129,sd_sent_Air_flow
130,sd_sent_Airflow
131,sd_sent_Airplay
132,sd_sent_Alarm_clock
133,sd_sent_Alarm_clock_quality
134,sd_sent_Alarm_functionality
135,sd_sent_Alarm_quality
136,sd_sent_Alexa_compatibility
137,sd_sent_Alexa_functionality
138,sd_sent_Alexa_integration
139,sd_sent_Alignment
140,sd_sent_Alignment_issues
141,sd_sent_Aluminum_body
142,sd_sent_Amp_quality
143,sd_sent_Analog_triggers
144,sd_sent_Android_compatibility
145,sd_sent_Angle
146,sd_sent_Angle_adjustment
147,sd_sent_Angle_range
148,sd_sent_Animation_quality
149,sd_sent_Anime_content
150,sd_sent_Anime_quality
151,sd_sent_Antenna_performance
152,sd_sent_Antenna_power
153,sd_sent_Antenna_quality
154,sd_sent_Antishake_feature
155,sd_sent_Aperture
156,sd_sent_Aperture_settings
157,sd_sent_App_compatibility
158,sd_sent_App_control
159,sd_sent_App_downloads
160,sd_sent_App_functionality
161,sd_sent_App_integration
162,sd_sent_App_quality
163,sd_sent_App_selection
164,sd_sent_App_size
165,sd_sent_App_support
166,sd_sent_Appeal
167,sd_sent_Appearance
168,sd_sent_Apple_product
169,sd_sent_Apple_quality
170,sd_sent_Application
171,sd_sent_Architecture
172,sd_sent_Arithmetic_accuracy
173,sd_sent_Arm_length
174,sd_sent_Arrow_control
175,sd_sent_Art_display
176,sd_sent_Art_feature
177,sd_sent_Art_mode
178,sd_sent_Art_quality
179,sd_sent_Art_style
180,sd_sent_Assembly
181,sd_sent_Assembly_ease
182,sd_sent_Assembly_instructions
183,sd_sent_Assembly_quality
184,sd_sent_Assembly_time
185,sd_sent_Astronomy
186,sd_sent_Attachability
187,sd_sent_Attachment_capability
188,sd_sent_Attachment_ease
189,sd_sent_Attachment_options
190,sd_sent_Attachments
191,sd_sent_Attractive_design
192,sd_sent_Audio_clarity
193,sd_sent_Audio_pick_up
194,sd_sent_Audio_privacy
195,sd_sent_Audio_quality
196,sd_sent_Audio_settings
197,sd_sent_Authenticity
198,sd_sent_Autism_prevalence
199,sd_sent_Autism_spectrum
200,sd_sent_Auto_adjustment
201,sd_sent_Auto_control
202,sd_sent_Auto_focus
203,sd_sent_Auto_function
204,sd_sent_Auto_mode
205,sd_sent_Auto_shut_off
206,sd_sent_Auto_tracking
207,sd_sent_Auto_wakeup_feature
208,sd_sent_Autofocus
209,sd_sent_Autooff
210,sd_sent_Autoswitch
211,sd_sent_Autofocus_accuracy
212,sd_sent_Autofocus_capability
213,sd_sent_Autofocus_feature
214,sd_sent_Autofocus_quality
215,sd_sent_Autofocus_speed
216,sd_sent_Automatic_settings
217,sd_sent_Aviator_wire
218,sd_sent_Baby_protection
219,sd_sent_Baby_safety
220,sd_sent_Back_cover
221,sd_sent_Backlight
222,sd_sent_Backlighting
223,sd_sent_Backpack_capacity
224,sd_sent_Backpack_functionality
225,sd_sent_Backpack_size
226,sd_sent_Bag_durability
227,sd_sent_Bag_quality
228,sd_sent_Bag_size
229,sd_sent_Balance
230,sd_sent_Ball_movement
231,sd_sent_Band_looseness
232,sd_sent_Band_quality
233,sd_sent_Band_size
234,sd_sent_Band_thickness
235,sd_sent_Base_quality
236,sd_sent_Bass_control
237,sd_sent_Bass_quality
238,sd_sent_Bathroom_use
239,sd_sent_Battery_capacity
240,sd_sent_Battery_charge
241,sd_sent_Battery_compartment_access
242,sd_sent_Battery_condition
243,sd_sent_Battery_door_lock
244,sd_sent_Battery_fit
245,sd_sent_Battery_health
246,sd_sent_Battery_length
247,sd_sent_Battery_life
248,sd_sent_Battery_pack
249,sd_sent_Battery_percentage
250,sd_sent_Battery_power
251,sd_sent_Battery_quality
252,sd_sent_Battery_replacement
253,sd_sent_Battery_size
254,sd_sent_Beauty
255,sd_sent_Bedroom_size
256,sd_sent_Beginner_friendly
257,sd_sent_Beginner_level
258,sd_sent_Beginnerfriendly
259,sd_sent_Beginners
260,sd_sent_Bendability
261,sd_sent_Bezel_difficulty
262,sd_sent_Bezel_rotation
263,sd_sent_Bible_verses
264,sd_sent_Birding_scope
265,sd_sent_Blackness
266,sd_sent_Blackouts
267,sd_sent_Blemish_resistance
268,sd_sent_Blend
269,sd_sent_Bling
270,sd_sent_Blinking_light
271,sd_sent_Blood_oxygen_monitoring
272,sd_sent_Blood_pressure
273,sd_sent_Bluetooth
274,sd_sent_Bluetooth_capability
275,sd_sent_Bluetooth_compatibility
276,sd_sent_Bluetooth_connectivity
277,sd_sent_Bluetooth_functionality
278,sd_sent_Bluetooth_quality
279,sd_sent_Bluetooth_range
280,sd_sent_Blur_control
281,sd_sent_Blur_rate
282,sd_sent_Blurry_text
283,sd_sent_Bokeh_effect
284,sd_sent_Bolt_strength
285,sd_sent_Bone_conduction_technology
286,sd_sent_Book_content
287,sd_sent_Book_feel
288,sd_sent_Book_for_parents
289,sd_sent_Book_lovers
290,sd_sent_Book_quality
291,sd_sent_Book_series
292,sd_sent_Bookmarks
293,sd_sent_Box_condition
294,sd_sent_Box_quality
295,sd_sent_Braiding
296,sd_sent_Brake_performance
297,sd_sent_Brand
298,sd_sent_Brand_new
299,sd_sent_Brand_new_condition
300,sd_sent_Brand_newness
301,sd_sent_Break_rate
302,sd_sent_Breakability
303,sd_sent_Breakage_rate
304,sd_sent_Breathable
305,sd_sent_Brightness
306,sd_sent_Brightness_adjustment
307,sd_sent_Brightness_control
308,sd_sent_Brightness_settings
309,sd_sent_Bristle_quality
310,sd_sent_Browser_compatibility
311,sd_sent_Bubble_level
312,sd_sent_Bubble_presence
313,sd_sent_Bubble_prevention
314,sd_sent_Bubble_removal
315,sd_sent_Bubble_size
316,sd_sent_Bubbles
317,sd_sent_Buckle_closure
318,sd_sent_Buckle_quality
319,sd_sent_Buckle_tightness
320,sd_sent_Budget
321,sd_sent_Bugs
322,sd_sent_Build_in_level
323,sd_sent_Build_quality
324,sd_sent_Build_weight
325,sd_sent_Buildin_cable
326,sd_sent_Buildin_cables
327,sd_sent_Buildin_heat_sink
328,sd_sent_Builtin_dvd_player
329,sd_sent_Bulkiness
330,sd_sent_Bumper_quality
331,sd_sent_Bundle_quality
332,sd_sent_Bundle_value
333,sd_sent_Bundled_game
334,sd_sent_Burnin
335,sd_sent_Business_use
336,sd_sent_Button_accuracy
337,sd_sent_Button_closure
338,sd_sent_Button_control
339,sd_sent_Button_design
340,sd_sent_Button_ease
341,sd_sent_Button_feel
342,sd_sent_Button_functionality
343,sd_sent_Button_layout
344,sd_sent_Button_placement
345,sd_sent_Button_quietness
346,sd_sent_Button_response
347,sd_sent_Button_responsiveness
348,sd_sent_Button_size
349,sd_sent_Button_speed
350,sd_sent_Button_stickiness
351,sd_sent_Buttons
352,sd_sent_Buttons_accuracy
353,sd_sent_Buttons_actuation
354,sd_sent_Buttons_control
355,sd_sent_Buttons_customization
356,sd_sent_Buttons_design
357,sd_sent_Buttons_difficulty
358,sd_sent_Buttons_difficulty_to_press
359,sd_sent_Buttons_ease
360,sd_sent_Buttons_ease_of_press
361,sd_sent_Buttons_ease_of_use
362,sd_sent_Buttons_feel
363,sd_sent_Buttons_feel_good
364,sd_sent_Buttons_feel_nice
365,sd_sent_Buttons_flexibility
366,sd_sent_Buttons_functionality
367,sd_sent_Buttons_layout
368,sd_sent_Buttons_placement
369,sd_sent_Buttons_programability
370,sd_sent_Buttons_quality
371,sd_sent_Buttons_responsiveness
372,sd_sent_Buttons_sensitivity
373,sd_sent_Buttons_size
374,sd_sent_Buttons_stability
375,sd_sent_Buttons_stick
376,sd_sent_Buttons_stickiness
377,sd_sent_Buttons_thickness
378,sd_sent_Cabinet_fit
379,sd_sent_Cable_clutter
380,sd_sent_Cable_coiled_design
381,sd_sent_Cable_compatibility
382,sd_sent_Cable_connectivity
383,sd_sent_Cable_durability
384,sd_sent_Cable_flow
385,sd_sent_Cable_functionality
386,sd_sent_Cable_included
387,sd_sent_Cable_jack
388,sd_sent_Cable_kit
389,sd_sent_Cable_length
390,sd_sent_Cable_management
391,sd_sent_Cable_quality
392,sd_sent_Cable_rigidity
393,sd_sent_Cable_shielding
394,sd_sent_Cable_size
395,sd_sent_Cable_stability
396,sd_sent_Cable_strength
397,sd_sent_Cable_thickness
398,sd_sent_Cable_variety
399,sd_sent_Calculator
400,sd_sent_Calculator_function
401,sd_sent_Calculator_functionality
402,sd_sent_Calculator_quality
403,sd_sent_Calculator_size
404,sd_sent_Calculator_use
405,sd_sent_Calculus
406,sd_sent_Calibration
407,sd_sent_Calibration_capability
408,sd_sent_Calibration_difficulty
409,sd_sent_Call_answering_capability
410,sd_sent_Call_clarity
411,sd_sent_Call_quality
412,sd_sent_Calming_effect
413,sd_sent_Camera_angle
414,sd_sent_Camera_blend
415,sd_sent_Camera_button_functionality
416,sd_sent_Camera_capability
417,sd_sent_Camera_capacity
418,sd_sent_Camera_case
419,sd_sent_Camera_cleaning
420,sd_sent_Camera_condition
421,sd_sent_Camera_cover
422,sd_sent_Camera_coverage
423,sd_sent_Camera_cutout
424,sd_sent_Camera_damage
425,sd_sent_Camera_dryness
426,sd_sent_Camera_durability
427,sd_sent_Camera_features
428,sd_sent_Camera_fit
429,sd_sent_Camera_for_beginners
430,sd_sent_Camera_for_kids
431,sd_sent_Camera_functionality
432,sd_sent_Camera_gear
433,sd_sent_Camera_grip
434,sd_sent_Camera_instructions
435,sd_sent_Camera_lifespan
436,sd_sent_Camera_location
437,sd_sent_Camera_maintenance
438,sd_sent_Camera_options
439,sd_sent_Camera_performance
440,sd_sent_Camera_piece_looseness
441,sd_sent_Camera_positioning
442,sd_sent_Camera_protection
443,sd_sent_Camera_quality
444,sd_sent_Camera_safety
445,sd_sent_Camera_secure
446,sd_sent_Camera_security
447,sd_sent_Camera_settings
448,sd_sent_Camera_size
449,sd_sent_Camera_slip
450,sd_sent_Camera_speed
451,sd_sent_Camera_strap_quality
452,sd_sent_Camera_support
453,sd_sent_Camera_temperature
454,sd_sent_Camera_tracking
455,sd_sent_Camera_visibility
456,sd_sent_Camera_weight
457,sd_sent_Campaign_duration
458,sd_sent_Cap_lock_indicator_light
459,sd_sent_Capacity
460,sd_sent_Caps_lock
461,sd_sent_Capture_capability
462,sd_sent_Car_charger
463,sd_sent_Car_customization
464,sd_sent_Car_performance
465,sd_sent_Car_selection
466,sd_sent_Carbon_fiber_material
467,sd_sent_Card_capacity
468,sd_sent_Card_design
469,sd_sent_Card_hold
470,sd_sent_Card_holder
471,sd_sent_Card_quality
472,sd_sent_Card_retention
473,sd_sent_Card_security
474,sd_sent_Card_slot
475,sd_sent_Card_slot_capacity
476,sd_sent_Card_slots
477,sd_sent_Card_space
478,sd_sent_Card_storage
479,sd_sent_Card_type
480,sd_sent_Carry_capacity
481,sd_sent_Carry_case
482,sd_sent_Carry_handle
483,sd_sent_Carryability
484,sd_sent_Case
485,sd_sent_Case_closure
486,sd_sent_Case_protection
487,sd_sent_Case_quality
488,sd_sent_Case_size
489,sd_sent_Cellular_capability
490,sd_sent_Cellular_connectivity
491,sd_sent_Cellular_performance
492,sd_sent_Cellular_phone_quality
493,sd_sent_Cellular_reception
494,sd_sent_Challenge_level
495,sd_sent_Channel_capacity
496,sd_sent_Channel_count
497,sd_sent_Channel_selection
498,sd_sent_Channels
499,sd_sent_Character_creation
500,sd_sent_Character_customization
501,sd_sent_Character_depth
502,sd_sent_Character_development
503,sd_sent_Character_power
504,sd_sent_Character_selection
505,sd_sent_Character_variety
506,sd_sent_Charge_capability
507,sd_sent_Charge_capacity
508,sd_sent_Charge_life
509,sd_sent_Charge_port_moisture
510,sd_sent_Charge_rate
511,sd_sent_Charge_retention
512,sd_sent_Charge_speed
513,sd_sent_Chargeability
514,sd_sent_Charger
515,sd_sent_Charger_cable
516,sd_sent_Charger_capability
517,sd_sent_Charger_capacity
518,sd_sent_Charger_compatibility
519,sd_sent_Charger_cord
520,sd_sent_Charger_functionality
521,sd_sent_Charger_included
522,sd_sent_Charger_port
523,sd_sent_Charger_quality
524,sd_sent_Charger_size
525,sd_sent_Charger_speed
526,sd_sent_Charges_quickly
527,sd_sent_Charges_well
528,sd_sent_Charging_ability
529,sd_sent_Charging_base
530,sd_sent_Charging_cable
531,sd_sent_Charging_capability
532,sd_sent_Charging_capacity
533,sd_sent_Charging_case
534,sd_sent_Charging_cord
535,sd_sent_Charging_cords
536,sd_sent_Charging_dock
537,sd_sent_Charging_efficiency
538,sd_sent_Charging_options
539,sd_sent_Charging_performance
540,sd_sent_Charging_port
541,sd_sent_Charging_port_size
542,sd_sent_Charging_ports
543,sd_sent_Charging_power
544,sd_sent_Charging_quality
545,sd_sent_Charging_rate
546,sd_sent_Charging_speed
547,sd_sent_Charging_station
548,sd_sent_Charging_time
549,sd_sent_Charm
550,sd_sent_Charm_quality
551,sd_sent_Charms
552,sd_sent_Chic
553,sd_sent_Child_friendly
554,sd_sent_Childfriendly
555,sd_sent_Chime_quality
556,sd_sent_Chip_depth
557,sd_sent_Chuckle_level
558,sd_sent_Circularity
559,sd_sent_Clackiness
560,sd_sent_Clamp_quality
561,sd_sent_Clamp_retention
562,sd_sent_Clamp_size
563,sd_sent_Clamp_strength
564,sd_sent_Clamping_ease
565,sd_sent_Clarity
566,sd_sent_Clasp_closure
567,sd_sent_Clasp_difficulty
568,sd_sent_Clasp_durability
569,sd_sent_Clasp_ease
570,sd_sent_Clasp_fit
571,sd_sent_Clasp_quality
572,sd_sent_Clasp_security
573,sd_sent_Clasp_stability
574,sd_sent_Classroom_use
575,sd_sent_Cleaning_ability
576,sd_sent_Cleaning_kit
577,sd_sent_Cleaning_power
578,sd_sent_Cleanliness
579,sd_sent_Clear_backing
580,sd_sent_Click_accuracy
581,sd_sent_Click_feature
582,sd_sent_Click_feel
583,sd_sent_Click_functionality
584,sd_sent_Click_issue
585,sd_sent_Click_noise
586,sd_sent_Click_quality
587,sd_sent_Click_quietness
588,sd_sent_Click_response
589,sd_sent_Click_responsiveness
590,sd_sent_Click_sound
591,sd_sent_Click_volume
592,sd_sent_Clickability
593,sd_sent_Clicker
594,sd_sent_Clickiness
595,sd_sent_Clicking_noise
596,sd_sent_Clicky
597,sd_sent_Clicky_buttons
598,sd_sent_Clicky_feel
599,sd_sent_Clicky_switches
600,sd_sent_Clickyness
601,sd_sent_Clip_durability
602,sd_sent_Clip_feature
603,sd_sent_Clip_hold
604,sd_sent_Clip_on
605,sd_sent_Clip_quality
606,sd_sent_Clip_safety
607,sd_sent_Clip_size
608,sd_sent_Clip_strength
609,sd_sent_Clock_feature
610,sd_sent_Closure
611,sd_sent_Closure_ability
612,sd_sent_Closure_quality
613,sd_sent_Closure_strength
614,sd_sent_Cloth_quality
615,sd_sent_Clutter_control
616,sd_sent_Coop_gameplay
617,sd_sent_Code_accuracy
618,sd_sent_Code_expiration
619,sd_sent_Code_functionality
620,sd_sent_Code_quality
621,sd_sent_Collection
622,sd_sent_Collection_quality
623,sd_sent_College_football
624,sd_sent_Color
625,sd_sent_Color_accuracy
626,sd_sent_Color_adjustment
627,sd_sent_Color_brightness
628,sd_sent_Color_change
629,sd_sent_Color_choice
630,sd_sent_Color_choices
631,sd_sent_Color_coding
632,sd_sent_Color_combo
633,sd_sent_Color_contrast
634,sd_sent_Color_control
635,sd_sent_Color_customization
636,sd_sent_Color_depth
637,sd_sent_Color_design
638,sd_sent_Color_development
639,sd_sent_Color_discoloration
640,sd_sent_Color_display
641,sd_sent_Color_effect
642,sd_sent_Color_fade
643,sd_sent_Color_filter
644,sd_sent_Color_gamut
645,sd_sent_Color_lighting
646,sd_sent_Color_match
647,sd_sent_Color_mode
648,sd_sent_Color_options
649,sd_sent_Color_palette
650,sd_sent_Color_patterns
651,sd_sent_Color_permanence
652,sd_sent_Color_quality
653,sd_sent_Color_range
654,sd_sent_Color_rendition
655,sd_sent_Color_reproduction
656,sd_sent_Color_saturation
657,sd_sent_Color_scheme
658,sd_sent_Color_selection
659,sd_sent_Color_separation
660,sd_sent_Color_settings
661,sd_sent_Color_stitching
662,sd_sent_Color_support
663,sd_sent_Color_temperature
664,sd_sent_Color_tone
665,sd_sent_Color_turnoff
666,sd_sent_Color_variation
667,sd_sent_Color_variety
668,sd_sent_Color_vibrancy
669,sd_sent_Combat
670,sd_sent_Combat_mechanics
671,sd_sent_Combat_quality
672,sd_sent_Comedy
673,sd_sent_Comes_with_supplies
674,sd_sent_Comfort
675,sd_sent_Communication
676,sd_sent_Compact_size
677,sd_sent_Compactness
678,sd_sent_Compartment_size
679,sd_sent_Compatibility
680,sd_sent_Compatibility_with_mobile_devices
681,sd_sent_Compliment
682,sd_sent_Concept
683,sd_sent_Condensation_resistance
684,sd_sent_Condition
685,sd_sent_Conference_call_functionality
686,sd_sent_Connection
687,sd_sent_Connection_ease
688,sd_sent_Connection_issues
689,sd_sent_Connection_length
690,sd_sent_Connection_looseness
691,sd_sent_Connection_quality
692,sd_sent_Connection_size
693,sd_sent_Connection_speed
694,sd_sent_Connection_stability
695,sd_sent_Connection_strength
696,sd_sent_Connection_time
697,sd_sent_Connection_type
698,sd_sent_Connectivity
699,sd_sent_Connectivity_issues
700,sd_sent_Connectivity_options
701,sd_sent_Connector_type
702,sd_sent_Console_damage
703,sd_sent_Console_quality
704,sd_sent_Content_creation
705,sd_sent_Content_creator
706,sd_sent_Content_quality
707,sd_sent_Contents
708,sd_sent_Control
709,sd_sent_Control_buttons
710,sd_sent_Control_capability
711,sd_sent_Control_device
712,sd_sent_Control_feature
713,sd_sent_Control_features
714,sd_sent_Control_knob
715,sd_sent_Control_mode
716,sd_sent_Control_options
717,sd_sent_Control_panel
718,sd_sent_Control_set
719,sd_sent_Control_unit_condition
720,sd_sent_Controllability
721,sd_sent_Controllable
722,sd_sent_Controller
723,sd_sent_Controller_compatibility
724,sd_sent_Controller_design
725,sd_sent_Controller_drift
726,sd_sent_Controller_functionality
727,sd_sent_Controller_holder
728,sd_sent_Controller_power
729,sd_sent_Controller_quality
730,sd_sent_Controller_reliability
731,sd_sent_Controller_size
732,sd_sent_Controller_slots
733,sd_sent_Controller_support
734,sd_sent_Controls
735,sd_sent_Convenience
736,sd_sent_Conversation_starter
737,sd_sent_Cooling
738,sd_sent_Cooling_ability
739,sd_sent_Cooling_capacity
740,sd_sent_Cooling_effect
741,sd_sent_Cooling_fan
742,sd_sent_Cooling_fan_quality
743,sd_sent_Cooling_power
744,sd_sent_Coolness
745,sd_sent_Cord
746,sd_sent_Cord_angle
747,sd_sent_Cord_cleaning
748,sd_sent_Cord_cleanliness
749,sd_sent_Cord_compatibility
750,sd_sent_Cord_connectivity
751,sd_sent_Cord_durability
752,sd_sent_Cord_functionality
753,sd_sent_Cord_hanging
754,sd_sent_Cord_hide
755,sd_sent_Cord_hider
756,sd_sent_Cord_hiding
757,sd_sent_Cord_hole
758,sd_sent_Cord_length
759,sd_sent_Cord_life
760,sd_sent_Cord_looseness
761,sd_sent_Cord_loss
762,sd_sent_Cord_management
763,sd_sent_Cord_protection
764,sd_sent_Cord_quality
765,sd_sent_Cord_replacement
766,sd_sent_Cord_retention
767,sd_sent_Cord_security
768,sd_sent_Cord_size
769,sd_sent_Cord_thickness
770,sd_sent_Cord_visibility
771,sd_sent_Cords
772,sd_sent_Cosmetic_condition
773,sd_sent_Countability
774,sd_sent_Country_of_origin
775,sd_sent_Country_restrictions
776,sd_sent_Cover
777,sd_sent_Cover_functionality
778,sd_sent_Cover_quality
779,sd_sent_Coverage
780,sd_sent_Cpu_speed
781,sd_sent_Crack_resistance
782,sd_sent_Cracking_ability
783,sd_sent_Craftsmanship
784,sd_sent_Creaminess
785,sd_sent_Creamy_feel
786,sd_sent_Creamy_texture
787,sd_sent_Creativity
788,sd_sent_Creepiness
789,sd_sent_Curve
790,sd_sent_Cushioning
791,sd_sent_Customization
792,sd_sent_Customization_features
793,sd_sent_Customization_functionality
794,sd_sent_Customization_options
795,sd_sent_Cut_accuracy
796,sd_sent_Cute
797,sd_sent_Cute_accent
798,sd_sent_Cute_camera
799,sd_sent_Cute_design
800,sd_sent_Cute_keyboard
801,sd_sent_Cute_phone_case
802,sd_sent_Cute_product
803,sd_sent_Cute_stickers
804,sd_sent_Cuteness
805,sd_sent_Damage_level
806,sd_sent_Damage_resistance
807,sd_sent_Data_connection
808,sd_sent_Data_integrity
809,sd_sent_Data_protection
810,sd_sent_Data_transfer
811,sd_sent_Data_transfer_speed
812,sd_sent_Data_usage
813,sd_sent_Deck_flex
814,sd_sent_Decor
815,sd_sent_Delay
816,sd_sent_Delay_rate
817,sd_sent_Description
818,sd_sent_Design
819,sd_sent_Design_options
820,sd_sent_Design_wear
821,sd_sent_Desk_size
822,sd_sent_Desk_space
823,sd_sent_Detail
824,sd_sent_Development
825,sd_sent_Device_connectivity
826,sd_sent_Device_protection
827,sd_sent_Device_quality
828,sd_sent_Device_recognizing
829,sd_sent_Device_support
830,sd_sent_Dial_movement
831,sd_sent_Dialogue_clarity
832,sd_sent_Difficulty_level
833,sd_sent_Difficulty_opening
834,sd_sent_Difficulty_to_open
835,sd_sent_Digital_stabilization
836,sd_sent_Dimmability
837,sd_sent_Dirt_removal
838,sd_sent_Disc_compatibility
839,sd_sent_Disc_condition
840,sd_sent_Disc_content
841,sd_sent_Disc_looseness
842,sd_sent_Disconnecting
843,sd_sent_Disconnecting_frequency
844,sd_sent_Disconnecting_time
845,sd_sent_Disconnects_frequently
846,sd_sent_Discreetness
847,sd_sent_Display
848,sd_sent_Display_art
849,sd_sent_Display_capability
850,sd_sent_Display_clarity
851,sd_sent_Display_color
852,sd_sent_Display_control
853,sd_sent_Display_ease
854,sd_sent_Display_orientation
855,sd_sent_Display_quality
856,sd_sent_Display_resolution
857,sd_sent_Display_size
858,sd_sent_Display_speed
859,sd_sent_Display_time
860,sd_sent_Divider_design
861,sd_sent_Dlc
862,sd_sent_Docking_capability
863,sd_sent_Docking_station
864,sd_sent_Doorbell
865,sd_sent_Doorbell_chime
866,sd_sent_Double_click_issue
867,sd_sent_Double_key_input
868,sd_sent_Download_capability
869,sd_sent_Download_speed
870,sd_sent_Download_time
871,sd_sent_Downloadable_content
872,sd_sent_Drag_racing
873,sd_sent_Draw_power
874,sd_sent_Dressiness
875,sd_sent_Drift
876,sd_sent_Drive_failure_rate
877,sd_sent_Drive_quality
878,sd_sent_Driving_simulator
879,sd_sent_Drop_protection
880,sd_sent_Dual_sim_support
881,sd_sent_Durability
882,sd_sent_Duration
883,sd_sent_Dust_issue
884,sd_sent_Dust_protection
885,sd_sent_Dust_removal
886,sd_sent_Dust_retention
887,sd_sent_Dust_visibility
888,sd_sent_Dvd_player
889,sd_sent_Dvd_player_functionality
890,sd_sent_Dvd_quality
891,sd_sent_Dynamic_range
892,sd_sent_Dynasty_mode
893,sd_sent_Ereader_quality
894,sd_sent_Ear_band
895,sd_sent_Ear_comfort
896,sd_sent_Ear_cups
897,sd_sent_Ear_cushions
898,sd_sent_Ear_design
899,sd_sent_Ear_fall
900,sd_sent_Ear_fit
901,sd_sent_Ear_grip
902,sd_sent_Ear_hook
903,sd_sent_Ear_hooks
904,sd_sent_Ear_pads_removal
905,sd_sent_Ear_piece_breakage
906,sd_sent_Ear_piece_retention
907,sd_sent_Ear_placement
908,sd_sent_Ear_protection
909,sd_sent_Ear_quality
910,sd_sent_Ear_replacement
911,sd_sent_Ear_retention
912,sd_sent_Ear_retractability
913,sd_sent_Ear_seal
914,sd_sent_Ear_secureness
915,sd_sent_Ear_security
916,sd_sent_Ear_stability
917,sd_sent_Ear_stay
918,sd_sent_Ear_support
919,sd_sent_Ear_tips
920,sd_sent_Earbud_fit
921,sd_sent_Earbud_functionality
922,sd_sent_Earbud_longevity
923,sd_sent_Earbud_quality
924,sd_sent_Earbud_retractability
925,sd_sent_Earbud_size
926,sd_sent_Earbud_stability
927,sd_sent_Earbud_stay
928,sd_sent_Earbuds
929,sd_sent_Earbuds_stay_in_place
930,sd_sent_Earbuds_stay_on
931,sd_sent_Earphone_quality
932,sd_sent_Earpiece_durability
933,sd_sent_Earpiece_quality
934,sd_sent_Earpiece_safety
935,sd_sent_Ease_of_access
936,sd_sent_Ease_of_adjustment
937,sd_sent_Ease_of_alignment
938,sd_sent_Ease_of_application
939,sd_sent_Ease_of_assembly
940,sd_sent_Ease_of_attach
941,sd_sent_Ease_of_attaching
942,sd_sent_Ease_of_attachment
943,sd_sent_Ease_of_breakage
944,sd_sent_Ease_of_breaking
945,sd_sent_Ease_of_carrying
946,sd_sent_Ease_of_change
947,sd_sent_Ease_of_charging
948,sd_sent_Ease_of_cleaning
949,sd_sent_Ease_of_configuration
950,sd_sent_Ease_of_connection
951,sd_sent_Ease_of_connectivity
952,sd_sent_Ease_of_customization
953,sd_sent_Ease_of_detachment
954,sd_sent_Ease_of_fastening
955,sd_sent_Ease_of_finding
956,sd_sent_Ease_of_finding_remote
957,sd_sent_Ease_of_grip
958,sd_sent_Ease_of_handling
959,sd_sent_Ease_of_hanging
960,sd_sent_Ease_of_hold
961,sd_sent_Ease_of_holding
962,sd_sent_Ease_of_installation
963,sd_sent_Ease_of_modification
964,sd_sent_Ease_of_mounting
965,sd_sent_Ease_of_movement
966,sd_sent_Ease_of_opening
967,sd_sent_Ease_of_operation
968,sd_sent_Ease_of_pairing
969,sd_sent_Ease_of_photo_transfer
970,sd_sent_Ease_of_play
971,sd_sent_Ease_of_programing
972,sd_sent_Ease_of_putting_on
973,sd_sent_Ease_of_reading
974,sd_sent_Ease_of_reattachment
975,sd_sent_Ease_of_recording
976,sd_sent_Ease_of_release
977,sd_sent_Ease_of_removal
978,sd_sent_Ease_of_repair
979,sd_sent_Ease_of_replacement
980,sd_sent_Ease_of_setup
981,sd_sent_Ease_of_slippage
982,sd_sent_Ease_of_start
983,sd_sent_Ease_of_storage
984,sd_sent_Ease_of_switching
985,sd_sent_Ease_of_taking_pictures
986,sd_sent_Ease_of_tearing
987,sd_sent_Ease_of_tightening
988,sd_sent_Ease_of_transfer
989,sd_sent_Ease_of_transport
990,sd_sent_Ease_of_travel
991,sd_sent_Ease_of_typing
992,sd_sent_Ease_of_understanding
993,sd_sent_Ease_of_upgrade
994,sd_sent_Ease_of_use
995,sd_sent_Ease_of_wear
996,sd_sent_Echo_accuracy
997,sd_sent_Echo_control
998,sd_sent_Echo_cord
999,sd_sent_Echo_dot
1000,sd_sent_Echo_flex_functionality
1001,sd_sent_Echo_level
1002,sd_sent_Echo_quality
1003,sd_sent_Echo_show
1004,sd_sent_Edge_quality
1005,sd_sent_Education_level
1006,sd_sent_Education_value
1007,sd_sent_Educational_value
1008,sd_sent_Effectiveness
1009,sd_sent_Efficiency
1010,sd_sent_Elasticity
1011,sd_sent_Electrical_power
1012,sd_sent_Elegance
1013,sd_sent_Embroidery_quality
1014,sd_sent_Emotional_depth
1015,sd_sent_Encyclopedia_content
1016,sd_sent_Energy_efficiency
1017,sd_sent_Engraving_quality
1018,sd_sent_Enjoyment
1019,sd_sent_Enlightenedness
1020,sd_sent_Entertainment_value
1021,sd_sent_Enthralling
1022,sd_sent_Environment
1023,sd_sent_Eps_version
1024,sd_sent_Eraseability
1025,sd_sent_Eraser_quality
1026,sd_sent_Ereader_responsiveness
1027,sd_sent_Ereader_size
1028,sd_sent_Ergonomic
1029,sd_sent_Ergonomic_design
1030,sd_sent_Ergonomics
1031,sd_sent_Esthetic
1032,sd_sent_Exact_replacement
1033,sd_sent_Exercise_use
1034,sd_sent_Expectations
1035,sd_sent_Exploration
1036,sd_sent_Extending_ability
1037,sd_sent_Extension
1038,sd_sent_Extension_link
1039,sd_sent_Eye_catching
1040,sd_sent_Eye_protection
1041,sd_sent_Eye_tracking
1042,sd_sent_Fabric_cleanliness
1043,sd_sent_Fabric_feel
1044,sd_sent_Fabric_fraying
1045,sd_sent_Fabric_options
1046,sd_sent_Fabric_quality
1047,sd_sent_Fabric_texture
1048,sd_sent_Fabric_waterproof
1049,sd_sent_Face_tracking
1050,sd_sent_Fading
1051,sd_sent_Fall_detection
1052,sd_sent_Fall_off
1053,sd_sent_Fall_out
1054,sd_sent_Fallout
1055,sd_sent_False_alarms
1056,sd_sent_Family_friendly
1057,sd_sent_Family_value
1058,sd_sent_Fan_noise
1059,sd_sent_Fan_quality
1060,sd_sent_Fan_size
1061,sd_sent_Fan_speed
1062,sd_sent_Fandom
1063,sd_sent_Fast_charging
1064,sd_sent_Feature_rich
1065,sd_sent_Feature_set
1066,sd_sent_Features
1067,sd_sent_Feedback
1068,sd_sent_Feedback_rate
1069,sd_sent_Feel
1070,sd_sent_Fiber_content
1071,sd_sent_Field_of_view
1072,sd_sent_File_size
1073,sd_sent_Film_simulation
1074,sd_sent_Film_winding
1075,sd_sent_Filter_access
1076,sd_sent_Filter_capability
1077,sd_sent_Filter_quality
1078,sd_sent_Filter_variety
1079,sd_sent_Finger_feel
1080,sd_sent_Fingerprint_feature
1081,sd_sent_Fingerprint_reader
1082,sd_sent_Fingerprint_reader_quality
1083,sd_sent_Fingerprint_recognition
1084,sd_sent_Fingerprint_visibility
1085,sd_sent_Fit
1086,sd_sent_Fitbit_quality
1087,sd_sent_Fitness_level
1088,sd_sent_Fitness_tracker
1089,sd_sent_Fitness_tracking
1090,sd_sent_Fitness_watch
1091,sd_sent_Flair
1092,sd_sent_Flap_closure
1093,sd_sent_Flap_size
1094,sd_sent_Flap_thickness
1095,sd_sent_Flash_capability
1096,sd_sent_Flash_functionality
1097,sd_sent_Flash_life
1098,sd_sent_Flash_placement
1099,sd_sent_Flash_quality
1100,sd_sent_Flexibility
1101,sd_sent_Flickering
1102,sd_sent_Flight_simulator
1103,sd_sent_Flip_screen
1104,sd_sent_Fm_reception
1105,sd_sent_Foam_insert
1106,sd_sent_Foam_quality
1107,sd_sent_Focus
1108,sd_sent_Focus_accuracy
1109,sd_sent_Focus_capability
1110,sd_sent_Focus_issue
1111,sd_sent_Focus_speed
1112,sd_sent_Focusing_ability
1113,sd_sent_Foldability
1114,sd_sent_Folding_ability
1115,sd_sent_Follow_focus
1116,sd_sent_Font_clarity
1117,sd_sent_Font_quality
1118,sd_sent_Force_feedback
1119,sd_sent_Format_capability
1120,sd_sent_Format_speed
1121,sd_sent_Fraction_accuracy
1122,sd_sent_Frame_quality
1123,sd_sent_Frame_rate
1124,sd_sent_Freeze_life
1125,sd_sent_Freeze_resistance
1126,sd_sent_Freezing_rate
1127,sd_sent_Frequency
1128,sd_sent_Frequency_response
1129,sd_sent_Frostiness
1130,sd_sent_Fun
1131,sd_sent_Fun_facts
1132,sd_sent_Fun_for_all_ages
1133,sd_sent_Fun_for_family
1134,sd_sent_Fun_for_holiday
1135,sd_sent_Fun_for_kids
1136,sd_sent_Fun_game
1137,sd_sent_Fun_gameplay
1138,sd_sent_Fun_games
1139,sd_sent_Fun_stickers
1140,sd_sent_Fun_to_play
1141,sd_sent_Fun_to_use
1142,sd_sent_Fun_to_wear
1143,sd_sent_Fun_touch
1144,sd_sent_Functionality
1145,sd_sent_Gadget_quality
1146,sd_sent_Gain_control
1147,sd_sent_Game_collection
1148,sd_sent_Game_compatibility
1149,sd_sent_Game_condition
1150,sd_sent_Game_content
1151,sd_sent_Game_functionality
1152,sd_sent_Game_included
1153,sd_sent_Game_performance
1154,sd_sent_Game_play
1155,sd_sent_Game_quality
1156,sd_sent_Game_selection
1157,sd_sent_Game_stability
1158,sd_sent_Game_support
1159,sd_sent_Game_system
1160,sd_sent_Game_variety
1161,sd_sent_Gameplay
1162,sd_sent_Gameplay_mechanics
1163,sd_sent_Gaming
1164,sd_sent_Gaming_ability
1165,sd_sent_Gaming_capability
1166,sd_sent_Gaming_console
1167,sd_sent_Gaming_enjoyment
1168,sd_sent_Gaming_experience
1169,sd_sent_Gaming_functionality
1170,sd_sent_Gaming_mouse_quality
1171,sd_sent_Gaming_needs
1172,sd_sent_Gaming_performance
1173,sd_sent_Gaming_purpose
1174,sd_sent_Gaming_quality
1175,sd_sent_Gaming_system
1176,sd_sent_Gaming_use
1177,sd_sent_Gaming_value
1178,sd_sent_Gets_dirty
1179,sd_sent_Ghosting
1180,sd_sent_Gift_card_quality
1181,sd_sent_Gift_for_kids
1182,sd_sent_Gift_value
1183,sd_sent_Giftability
1184,sd_sent_Gigabit_speed
1185,sd_sent_Gimbal_quality
1186,sd_sent_Gimbal_strength
1187,sd_sent_Glare
1188,sd_sent_Glare_control
1189,sd_sent_Glare_level
1190,sd_sent_Glare_protection
1191,sd_sent_Glare_reduction
1192,sd_sent_Glare_resistance
1193,sd_sent_Glasses_quality
1194,sd_sent_Glide
1195,sd_sent_Glitches
1196,sd_sent_Glitchiness
1197,sd_sent_Glitter
1198,sd_sent_Glossiness
1199,sd_sent_Glow
1200,sd_sent_Glow_in_the_dark
1201,sd_sent_Glows
1202,sd_sent_Glows_in_the_dark
1203,sd_sent_Gold_color
1204,sd_sent_Golf_game
1205,sd_sent_Good_for_kids
1206,sd_sent_Gps_functionality
1207,sd_sent_Gps_signal
1208,sd_sent_Graphics_quality
1209,sd_sent_Graphing_ability
1210,sd_sent_Graphing_accuracy
1211,sd_sent_Graphing_capabilities
1212,sd_sent_Graphing_speed
1213,sd_sent_Greeting_card
1214,sd_sent_Grip
1215,sd_sent_Grip_feel
1216,sd_sent_Grip_quality
1217,sd_sent_Grip_strength
1218,sd_sent_Guide_content
1219,sd_sent_Guide_frame
1220,sd_sent_Guitar_quality
1221,sd_sent_Hall_effect
1222,sd_sent_Hand_breakage
1223,sd_sent_Hand_comfort
1224,sd_sent_Hand_free
1225,sd_sent_Hand_grip
1226,sd_sent_Hand_hold
1227,sd_sent_Hand_size
1228,sd_sent_Hand_strap
1229,sd_sent_Hand_straps
1230,sd_sent_Handfree_call_feature
1231,sd_sent_Handfree_strap
1232,sd_sent_Handle_quality
1233,sd_sent_Handle_size
1234,sd_sent_Hang_strength
1235,sd_sent_Hangability
1236,sd_sent_Hard_exterior
1237,sd_sent_Hardware_included
1238,sd_sent_Hdmi_cable
1239,sd_sent_Hdmi_connectivity
1240,sd_sent_Hdmi_cord
1241,sd_sent_Hdmi_port
1242,sd_sent_Hdmi_ports
1243,sd_sent_Head_size
1244,sd_sent_Head_tilt
1245,sd_sent_Headband_pops_off
1246,sd_sent_Headphone_quality
1247,sd_sent_Headset_functionality
1248,sd_sent_Headset_quality
1249,sd_sent_Headset_stand
1250,sd_sent_Health_features
1251,sd_sent_Health_info
1252,sd_sent_Health_monitoring
1253,sd_sent_Health_tracking
1254,sd_sent_Hearing
1255,sd_sent_Hearing_ability
1256,sd_sent_Hearing_aid
1257,sd_sent_Hearing_clarity
1258,sd_sent_Hearing_level
1259,sd_sent_Hearing_protection
1260,sd_sent_Heart_health
1261,sd_sent_Heart_rate
1262,sd_sent_Heart_rate_monitoring
1263,sd_sent_Heart_rate_tracking
1264,sd_sent_Heat_buildup
1265,sd_sent_Heat_generation
1266,sd_sent_Heat_level
1267,sd_sent_Heat_resistance
1268,sd_sent_Heat_retention
1269,sd_sent_Heat_sink
1270,sd_sent_Heat_transfer
1271,sd_sent_Heft
1272,sd_sent_Height
1273,sd_sent_Height_adjustment
1274,sd_sent_Helmet_quality
1275,sd_sent_Hinge_looseness
1276,sd_sent_History
1277,sd_sent_History_content
1278,sd_sent_Hold
1279,sd_sent_Hold_capacity
1280,sd_sent_Hold_size
1281,sd_sent_Hold_strength
1282,sd_sent_Holdability
1283,sd_sent_Holder
1284,sd_sent_Holds_a_lot
1285,sd_sent_Holds_books_well
1286,sd_sent_Holds_controllers
1287,sd_sent_Holds_device_securely
1288,sd_sent_Holds_device_well
1289,sd_sent_Holds_everything
1290,sd_sent_Holds_gear
1291,sd_sent_Holds_items_well
1292,sd_sent_Holds_phone_securely
1293,sd_sent_Holds_phone_well
1294,sd_sent_Holds_position
1295,sd_sent_Holds_securely
1296,sd_sent_Holds_tablet_well
1297,sd_sent_Holds_things_securely
1298,sd_sent_Holds_tv_securely
1299,sd_sent_Holds_watch_securely
1300,sd_sent_Holds_watch_well
1301,sd_sent_Holds_well
1302,sd_sent_Hole_coverage
1303,sd_sent_Horror_content
1304,sd_sent_Hot_swap_capability
1305,sd_sent_Hot_swapping
1306,sd_sent_Humor
1307,sd_sent_Hunting_options
1308,sd_sent_Idea
1309,sd_sent_Ideas
1310,sd_sent_Image_quality
1311,sd_sent_Image_stabilization
1312,sd_sent_Immersion
1313,sd_sent_Impact_resistance
1314,sd_sent_Improves_aim
1315,sd_sent_Inclination
1316,sd_sent_Indicator_lights
1317,sd_sent_Infant_size
1318,sd_sent_Information
1319,sd_sent_Information_content
1320,sd_sent_Information_quality
1321,sd_sent_Information_time
1322,sd_sent_Information_value
1323,sd_sent_Ink_quality
1324,sd_sent_Input_accuracy
1325,sd_sent_Input_capacity
1326,sd_sent_Input_lag
1327,sd_sent_Input_quality
1328,sd_sent_Input_size
1329,sd_sent_Input_speed
1330,sd_sent_Input_variety
1331,sd_sent_Insight
1332,sd_sent_Installation_difficulty
1333,sd_sent_Instruction_book
1334,sd_sent_Instruction_clarity
1335,sd_sent_Instruction_content
1336,sd_sent_Instruction_manual
1337,sd_sent_Instruction_quality
1338,sd_sent_Instructions
1339,sd_sent_Integration
1340,sd_sent_Interface
1341,sd_sent_Internal_storage
1342,sd_sent_Internal_storage_capacity
1343,sd_sent_Internet_connection
1344,sd_sent_Internet_connectivity
1345,sd_sent_Internet_speed
1346,sd_sent_Intuitive_controls
1347,sd_sent_Ipad_compatibility
1348,sd_sent_Joycons_compatibility
1349,sd_sent_Joystick_durability
1350,sd_sent_Joystick_extension
1351,sd_sent_Joystick_functionality
1352,sd_sent_Karaoke_performance
1353,sd_sent_Keeps_console_cool
1354,sd_sent_Keeps_system_cool
1355,sd_sent_Keeps_things_cold
1356,sd_sent_Key_accuracy
1357,sd_sent_Key_action
1358,sd_sent_Key_breakability
1359,sd_sent_Key_cap_crack
1360,sd_sent_Key_durability
1361,sd_sent_Key_functionality
1362,sd_sent_Key_placement
1363,sd_sent_Key_presses
1364,sd_sent_Key_spacing
1365,sd_sent_Key_spamming
1366,sd_sent_Key_stickiness
1367,sd_sent_Keyboard
1368,sd_sent_Keyboard_accuracy
1369,sd_sent_Keyboard_action
1370,sd_sent_Keyboard_actuation
1371,sd_sent_Keyboard_angle
1372,sd_sent_Keyboard_chatter
1373,sd_sent_Keyboard_clickability
1374,sd_sent_Keyboard_color
1375,sd_sent_Keyboard_combo
1376,sd_sent_Keyboard_comfort
1377,sd_sent_Keyboard_compatibility
1378,sd_sent_Keyboard_customization
1379,sd_sent_Keyboard_design
1380,sd_sent_Keyboard_durability
1381,sd_sent_Keyboard_ease
1382,sd_sent_Keyboard_ease_of_use
1383,sd_sent_Keyboard_features
1384,sd_sent_Keyboard_feel
1385,sd_sent_Keyboard_fit
1386,sd_sent_Keyboard_functionality
1387,sd_sent_Keyboard_ghosting
1388,sd_sent_Keyboard_grip
1389,sd_sent_Keyboard_heat_resistance
1390,sd_sent_Keyboard_height
1391,sd_sent_Keyboard_lag
1392,sd_sent_Keyboard_layout
1393,sd_sent_Keyboard_longevity
1394,sd_sent_Keyboard_look
1395,sd_sent_Keyboard_noise
1396,sd_sent_Keyboard_noise_level
1397,sd_sent_Keyboard_options
1398,sd_sent_Keyboard_performance
1399,sd_sent_Keyboard_pressability
1400,sd_sent_Keyboard_profile
1401,sd_sent_Keyboard_programming_options
1402,sd_sent_Keyboard_protection
1403,sd_sent_Keyboard_quality
1404,sd_sent_Keyboard_quiet
1405,sd_sent_Keyboard_quietness
1406,sd_sent_Keyboard_registerability
1407,sd_sent_Keyboard_reliability
1408,sd_sent_Keyboard_responsiveness
1409,sd_sent_Keyboard_rgb
1410,sd_sent_Keyboard_sensitiveness
1411,sd_sent_Keyboard_shape
1412,sd_sent_Keyboard_size
1413,sd_sent_Keyboard_slimness
1414,sd_sent_Keyboard_smoothness
1415,sd_sent_Keyboard_softness
1416,sd_sent_Keyboard_sound
1417,sd_sent_Keyboard_space
1418,sd_sent_Keyboard_speed
1419,sd_sent_Keyboard_split
1420,sd_sent_Keyboard_splitness
1421,sd_sent_Keyboard_stability
1422,sd_sent_Keyboard_stickiness
1423,sd_sent_Keyboard_stiffness
1424,sd_sent_Keyboard_style
1425,sd_sent_Keyboard_support
1426,sd_sent_Keyboard_switches
1427,sd_sent_Keyboard_texture
1428,sd_sent_Keyboard_transparency
1429,sd_sent_Keyboard_type
1430,sd_sent_Keyboard_use
1431,sd_sent_Keyboard_versatility
1432,sd_sent_Keyboard_weight
1433,sd_sent_Keycap_breakability
1434,sd_sent_Keycap_choice
1435,sd_sent_Keycaps
1436,sd_sent_Keyless_entry
1437,sd_sent_Keys_peeling_off
1438,sd_sent_Keys_wear
1439,sd_sent_Keystroke_accuracy
1440,sd_sent_Kick_stand
1441,sd_sent_Kickstand
1442,sd_sent_Kickstand_durability
1443,sd_sent_Kid_friendly
1444,sd_sent_Kidfriendly
1445,sd_sent_Kids
1446,sd_sent_Kids_friendly
1447,sd_sent_Kids_headphones
1448,sd_sent_Kids_safety
1449,sd_sent_Kids_size
1450,sd_sent_Kit_contents
1451,sd_sent_Kitchen_functionality
1452,sd_sent_Kitchen_size
1453,sd_sent_Kitchen_space
1454,sd_sent_Knife_depth
1455,sd_sent_Knob_control
1456,sd_sent_Knob_functionality
1457,sd_sent_Knob_quality
1458,sd_sent_Knobs_accessibility
1459,sd_sent_Knowledge
1460,sd_sent_Knowledge_level
1461,sd_sent_Knowledge_retention
1462,sd_sent_Lag
1463,sd_sent_Lag_reduction
1464,sd_sent_Lag_time
1465,sd_sent_Language
1466,sd_sent_Language_instruction
1467,sd_sent_Language_support
1468,sd_sent_Language_translation
1469,sd_sent_Lanyard
1470,sd_sent_Laptop_portability
1471,sd_sent_Latch
1472,sd_sent_Latch_quality
1473,sd_sent_Latch_strength
1474,sd_sent_Latchability
1475,sd_sent_Latches
1476,sd_sent_Latching_ability
1477,sd_sent_Latency
1478,sd_sent_Lcd_screen
1479,sd_sent_Leakage
1480,sd_sent_Learning_ability
1481,sd_sent_Learning_aid
1482,sd_sent_Learning_curve
1483,sd_sent_Learning_level
1484,sd_sent_Learning_pace
1485,sd_sent_Learning_tool
1486,sd_sent_Learning_value
1487,sd_sent_Leather_content
1488,sd_sent_Leather_material
1489,sd_sent_Leather_quality
1490,sd_sent_Led_functionality
1491,sd_sent_Led_light
1492,sd_sent_Led_lights
1493,sd_sent_Left_trigger_issue
1494,sd_sent_Leg_stability
1495,sd_sent_Leg_tension
1496,sd_sent_Length
1497,sd_sent_Length_adjustment
1498,sd_sent_Lens_accessories
1499,sd_sent_Lens_cap_protection
1500,sd_sent_Lens_capacity
1501,sd_sent_Lens_clarity
1502,sd_sent_Lens_cleaning
1503,sd_sent_Lens_compatibility
1504,sd_sent_Lens_cover
1505,sd_sent_Lens_coverage
1506,sd_sent_Lens_damage
1507,sd_sent_Lens_fit
1508,sd_sent_Lens_functionality
1509,sd_sent_Lens_jamming
1510,sd_sent_Lens_protection
1511,sd_sent_Lens_quality
1512,sd_sent_Lens_size
1513,sd_sent_Letter_durability
1514,sd_sent_Letter_size
1515,sd_sent_Lettering
1516,sd_sent_Level
1517,sd_sent_Level_quality
1518,sd_sent_Leveling
1519,sd_sent_Lid_stability
1520,sd_sent_Lifespan
1521,sd_sent_Lift
1522,sd_sent_Lift_capacity
1523,sd_sent_Light_blockage
1524,sd_sent_Light_blocking
1525,sd_sent_Light_bulb
1526,sd_sent_Light_capability
1527,sd_sent_Light_coverage
1528,sd_sent_Light_diffraction
1529,sd_sent_Light_display
1530,sd_sent_Light_effect
1531,sd_sent_Light_features
1532,sd_sent_Light_intensity
1533,sd_sent_Light_level
1534,sd_sent_Light_life
1535,sd_sent_Light_options
1536,sd_sent_Light_performance
1537,sd_sent_Light_protection
1538,sd_sent_Light_quality
1539,sd_sent_Light_sensitivity
1540,sd_sent_Light_settings
1541,sd_sent_Light_show
1542,sd_sent_Light_source
1543,sd_sent_Light_weight
1544,sd_sent_Lighting
1545,sd_sent_Lighting_customization
1546,sd_sent_Lighting_effect
1547,sd_sent_Lighting_options
1548,sd_sent_Lighting_quality
1549,sd_sent_Lighting_settings
1550,sd_sent_Lightness
1551,sd_sent_Lightweight
1552,sd_sent_Limited_edition
1553,sd_sent_Linearity
1554,sd_sent_Link_length
1555,sd_sent_Link_quality
1556,sd_sent_Link_removal_tool
1557,sd_sent_Lip_droop
1558,sd_sent_Liquid_content
1559,sd_sent_Listening_ability
1560,sd_sent_Load_time
1561,sd_sent_Loading_speed
1562,sd_sent_Location
1563,sd_sent_Location_accuracy
1564,sd_sent_Location_monitoring
1565,sd_sent_Lock_feature
1566,sd_sent_Lock_features
1567,sd_sent_Lock_quality
1568,sd_sent_Lock_strength
1569,sd_sent_Lockability
1570,sd_sent_Lockout_feature
1571,sd_sent_Logo_fading
1572,sd_sent_Long_life
1573,sd_sent_Longevity
1574,sd_sent_Look
1575,sd_sent_Looks
1576,sd_sent_Looks_cool
1577,sd_sent_Looks_cute
1578,sd_sent_Looks_good
1579,sd_sent_Looks_great
1580,sd_sent_Looks_new
1581,sd_sent_Looks_nice
1582,sd_sent_Looseness
1583,sd_sent_Loss_prevention
1584,sd_sent_Loss_status
1585,sd_sent_Loudness
1586,sd_sent_Loupe_quality
1587,sd_sent_Low_latency
1588,sd_sent_Low_light_capability
1589,sd_sent_Lube_quality
1590,sd_sent_Lubrication
1591,sd_sent_Macro_mode
1592,sd_sent_Magnet_clasp
1593,sd_sent_Magnet_closure
1594,sd_sent_Magnet_hold
1595,sd_sent_Magnet_placement
1596,sd_sent_Magnet_quality
1597,sd_sent_Magnet_retention
1598,sd_sent_Magnet_safety
1599,sd_sent_Magnet_stick
1600,sd_sent_Magnet_strength
1601,sd_sent_Magnetic_clasp
1602,sd_sent_Magnetic_closure
1603,sd_sent_Magnetic_connector
1604,sd_sent_Magnetic_feature
1605,sd_sent_Magnetic_hold
1606,sd_sent_Magnetic_properties
1607,sd_sent_Magnetic_strength
1608,sd_sent_Magnetization
1609,sd_sent_Magnets
1610,sd_sent_Magnification
1611,sd_sent_Magsafe
1612,sd_sent_Maneuverability
1613,sd_sent_Manual
1614,sd_sent_Manual_control
1615,sd_sent_Manual_controls
1616,sd_sent_Manual_quality
1617,sd_sent_Manual_settings
1618,sd_sent_Map_quality
1619,sd_sent_Match
1620,sd_sent_Matchability
1621,sd_sent_Material_comfort
1622,sd_sent_Material_construction
1623,sd_sent_Material_durability
1624,sd_sent_Material_feel
1625,sd_sent_Material_quality
1626,sd_sent_Material_smoothness
1627,sd_sent_Material_softness
1628,sd_sent_Material_tear
1629,sd_sent_Material_texture
1630,sd_sent_Material_thickness
1631,sd_sent_Math_ability
1632,sd_sent_Math_accuracy
1633,sd_sent_Math_content
1634,sd_sent_Math_needs
1635,sd_sent_Matte_box
1636,sd_sent_Matte_finish
1637,sd_sent_Mechanical_feel
1638,sd_sent_Mechanical_quality
1639,sd_sent_Mechanics
1640,sd_sent_Media_control
1641,sd_sent_Media_controls
1642,sd_sent_Megapixels
1643,sd_sent_Memory_capacity
1644,sd_sent_Memory_card
1645,sd_sent_Memory_card_functionality
1646,sd_sent_Memory_card_slot
1647,sd_sent_Memory_quality
1648,sd_sent_Menu_design
1649,sd_sent_Menu_ease
1650,sd_sent_Menu_features
1651,sd_sent_Menu_flexibility
1652,sd_sent_Menu_functionality
1653,sd_sent_Menu_navigation
1654,sd_sent_Menu_options
1655,sd_sent_Menu_system
1656,sd_sent_Mesh_system
1657,sd_sent_Metal_band
1658,sd_sent_Metal_body
1659,sd_sent_Metal_color
1660,sd_sent_Metal_construction
1661,sd_sent_Metal_finish
1662,sd_sent_Metal_material
1663,sd_sent_Metal_quality
1664,sd_sent_Mic_design
1665,sd_sent_Mic_detachability
1666,sd_sent_Mic_functionality
1667,sd_sent_Mic_placement
1668,sd_sent_Mic_quality
1669,sd_sent_Microfiber_cloth
1670,sd_sent_Microphone
1671,sd_sent_Microphone_automute
1672,sd_sent_Microphone_capability
1673,sd_sent_Microphone_clarity
1674,sd_sent_Microphone_design
1675,sd_sent_Microphone_durability
1676,sd_sent_Microphone_functionality
1677,sd_sent_Microphone_performance
1678,sd_sent_Microphone_quality
1679,sd_sent_Microphones
1680,sd_sent_Mindfulness
1681,sd_sent_Mirror_quality
1682,sd_sent_Missing_parts
1683,sd_sent_Mobility
1684,sd_sent_Molded_corners
1685,sd_sent_Monitor_quality
1686,sd_sent_Monitor_size
1687,sd_sent_Monitoring_capability
1688,sd_sent_Motion_accuracy
1689,sd_sent_Motion_control
1690,sd_sent_Motion_detection
1691,sd_sent_Motion_quality
1692,sd_sent_Motion_range
1693,sd_sent_Motion_stability
1694,sd_sent_Motion_tracking
1695,sd_sent_Motor
1696,sd_sent_Mount
1697,sd_sent_Mount_fit
1698,sd_sent_Mount_hardware
1699,sd_sent_Mount_points
1700,sd_sent_Mount_quality
1701,sd_sent_Mount_security
1702,sd_sent_Mount_sturdiness
1703,sd_sent_Mount_type
1704,sd_sent_Mountability
1705,sd_sent_Mounting_options
1706,sd_sent_Mouse_click_functionality
1707,sd_sent_Mouse_functionality
1708,sd_sent_Mouse_included
1709,sd_sent_Mouse_lag
1710,sd_sent_Mouse_longevity
1711,sd_sent_Mouse_motion
1712,sd_sent_Mouse_quality
1713,sd_sent_Mouse_reliability
1714,sd_sent_Mouse_responsiveness
1715,sd_sent_Mouse_size
1716,sd_sent_Mouse_speed
1717,sd_sent_Mouse_wheel_durability
1718,sd_sent_Mouse_wheel_lifespan
1719,sd_sent_Movement
1720,sd_sent_Movement_ability
1721,sd_sent_Movement_accuracy
1722,sd_sent_Movement_rate
1723,sd_sent_Movie_content
1724,sd_sent_Movie_experience
1725,sd_sent_Movie_quality
1726,sd_sent_Movie_viewing
1727,sd_sent_Mowing_ability
1728,sd_sent_Multiplayer
1729,sd_sent_Music_listening
1730,sd_sent_Music_mode
1731,sd_sent_Music_playback
1732,sd_sent_Music_quality
1733,sd_sent_Music_streaming
1734,sd_sent_Mute_button_functionality
1735,sd_sent_Narrative_depth
1736,sd_sent_Neck_strain
1737,sd_sent_Neck_support
1738,sd_sent_Night_vision
1739,sd_sent_Noise_blocking
1740,sd_sent_Noise_cancellation
1741,sd_sent_Noise_cancellation_capability
1742,sd_sent_Noise_cancelling
1743,sd_sent_Noise_isolation
1744,sd_sent_Noise_level
1745,sd_sent_Noise_protection
1746,sd_sent_Noise_reduction
1747,sd_sent_Nostalgia
1748,sd_sent_Note_taking
1749,sd_sent_Notetaking
1750,sd_sent_Notification_capability
1751,sd_sent_Notifications
1752,sd_sent_Nutrition_information
1753,sd_sent_Orings
1754,sd_sent_Office_use
1755,sd_sent_Offline_capability
1756,sd_sent_Oled_content
1757,sd_sent_Online_play
1758,sd_sent_Open_back_design
1759,sd_sent_Open_world
1760,sd_sent_Optical_zoom
1761,sd_sent_Optics
1762,sd_sent_Options
1763,sd_sent_Organization
1764,sd_sent_Outdoor_tv
1765,sd_sent_Outdoor_use
1766,sd_sent_Outdoor_viewing
1767,sd_sent_Overheating
1768,sd_sent_Pace
1769,sd_sent_Pacing
1770,sd_sent_Pad_fall_off
1771,sd_sent_Pad_quality
1772,sd_sent_Padded
1773,sd_sent_Padded_interior
1774,sd_sent_Padded_quality
1775,sd_sent_Paddedness
1776,sd_sent_Padding
1777,sd_sent_Page_control
1778,sd_sent_Page_freezing
1779,sd_sent_Page_quality
1780,sd_sent_Page_scrolling
1781,sd_sent_Page_turn
1782,sd_sent_Page_turn_ability
1783,sd_sent_Page_turn_buttons
1784,sd_sent_Page_turn_capability
1785,sd_sent_Page_turnability
1786,sd_sent_Page_turner
1787,sd_sent_Page_turner_quality
1788,sd_sent_Page_turning_capability
1789,sd_sent_Pain_relief
1790,sd_sent_Paint_resistance
1791,sd_sent_Paint_wear
1792,sd_sent_Pairing_ability
1793,sd_sent_Pairing_ease
1794,sd_sent_Pairing_issues
1795,sd_sent_Panoramic_feature
1796,sd_sent_Panoramic_mode
1797,sd_sent_Paper_color
1798,sd_sent_Paper_feed
1799,sd_sent_Paper_jam
1800,sd_sent_Paper_loading
1801,sd_sent_Paper_quality
1802,sd_sent_Paper_roll_addition
1803,sd_sent_Paper_thickness
1804,sd_sent_Parental_controls
1805,sd_sent_Party_size
1806,sd_sent_Pause_and_play_button
1807,sd_sent_Peace_of_mind
1808,sd_sent_Pedal_feel
1809,sd_sent_Pedometer_quality
1810,sd_sent_Pen_capabilities
1811,sd_sent_Pen_holder
1812,sd_sent_Pen_length
1813,sd_sent_Pen_quality
1814,sd_sent_Pen_safety
1815,sd_sent_Pen_storage
1816,sd_sent_Performance
1817,sd_sent_Personality
1818,sd_sent_Personalization
1819,sd_sent_Phone_angle
1820,sd_sent_Phone_appearance
1821,sd_sent_Phone_call_quality
1822,sd_sent_Phone_capacity
1823,sd_sent_Phone_carrying_capacity
1824,sd_sent_Phone_case
1825,sd_sent_Phone_case_quality
1826,sd_sent_Phone_charging_capability
1827,sd_sent_Phone_charging_speed
1828,sd_sent_Phone_cleanliness
1829,sd_sent_Phone_compatibility
1830,sd_sent_Phone_condition
1831,sd_sent_Phone_connectivity
1832,sd_sent_Phone_cracking
1833,sd_sent_Phone_dryness
1834,sd_sent_Phone_durability
1835,sd_sent_Phone_fit
1836,sd_sent_Phone_for_kids
1837,sd_sent_Phone_functionality
1838,sd_sent_Phone_grip
1839,sd_sent_Phone_heat
1840,sd_sent_Phone_hold
1841,sd_sent_Phone_holder
1842,sd_sent_Phone_holder_quality
1843,sd_sent_Phone_lag
1844,sd_sent_Phone_lock
1845,sd_sent_Phone_looks_good
1846,sd_sent_Phone_looks_great
1847,sd_sent_Phone_mount
1848,sd_sent_Phone_performance
1849,sd_sent_Phone_placement
1850,sd_sent_Phone_power
1851,sd_sent_Phone_protection
1852,sd_sent_Phone_quality
1853,sd_sent_Phone_reception
1854,sd_sent_Phone_safety
1855,sd_sent_Phone_scratching
1856,sd_sent_Phone_security
1857,sd_sent_Phone_size
1858,sd_sent_Phone_speed
1859,sd_sent_Phone_stability
1860,sd_sent_Phone_stand
1861,sd_sent_Phone_unlock
1862,sd_sent_Phone_unlockability
1863,sd_sent_Photo_quality
1864,sd_sent_Photo_saving_capability
1865,sd_sent_Photo_transfer
1866,sd_sent_Photography
1867,sd_sent_Photography_ability
1868,sd_sent_Photography_quality
1869,sd_sent_Photos_quality
1870,sd_sent_Pick_up_channels
1871,sd_sent_Pickup_power
1872,sd_sent_Picture_clarity
1873,sd_sent_Picture_quality
1874,sd_sent_Picture_resolution
1875,sd_sent_Picture_taking
1876,sd_sent_Pillow_size
1877,sd_sent_Pin_accuracy
1878,sd_sent_Pin_bend
1879,sd_sent_Pin_hold
1880,sd_sent_Pin_length
1881,sd_sent_Pin_quality
1882,sd_sent_Pin_safety
1883,sd_sent_Pin_size
1884,sd_sent_Pin_stability
1885,sd_sent_Pinching
1886,sd_sent_Pins
1887,sd_sent_Pixel_quality
1888,sd_sent_Plan_quality
1889,sd_sent_Plastic_backing
1890,sd_sent_Plastic_body
1891,sd_sent_Plastic_breakage
1892,sd_sent_Plastic_content
1893,sd_sent_Plastic_durability
1894,sd_sent_Plastic_feel
1895,sd_sent_Plastic_material
1896,sd_sent_Plastic_quality
1897,sd_sent_Playability
1898,sd_sent_Playback_capability
1899,sd_sent_Playback_speed
1900,sd_sent_Player_creation
1901,sd_sent_Plug_and_play
1902,sd_sent_Plug_compatibility
1903,sd_sent_Plug_in
1904,sd_sent_Plug_in_adapter
1905,sd_sent_Plug_quality
1906,sd_sent_Plug_retention
1907,sd_sent_Plug_safety
1908,sd_sent_Plug_type
1909,sd_sent_Plugand_play
1910,sd_sent_Plugin
1911,sd_sent_Plugin_capability
1912,sd_sent_Plugin_ease
1913,sd_sent_Pocket_capacity
1914,sd_sent_Pocket_fit
1915,sd_sent_Pocket_size
1916,sd_sent_Pocket_space
1917,sd_sent_Pocketability
1918,sd_sent_Pockets
1919,sd_sent_Point_and_shoot_capability
1920,sd_sent_Polarity
1921,sd_sent_Polarization
1922,sd_sent_Police_presence
1923,sd_sent_Polishing_ability
1924,sd_sent_Pop_off
1925,sd_sent_Pop_socket
1926,sd_sent_Port_capacity
1927,sd_sent_Port_compatibility
1928,sd_sent_Port_connectivity
1929,sd_sent_Port_coverage
1930,sd_sent_Port_functionality
1931,sd_sent_Portability
1932,sd_sent_Portable
1933,sd_sent_Portable_capacity
1934,sd_sent_Portableness
1935,sd_sent_Portraits
1936,sd_sent_Positioning
1937,sd_sent_Posture
1938,sd_sent_Power
1939,sd_sent_Power_adapter_quality
1940,sd_sent_Power_consumption
1941,sd_sent_Power_cord
1942,sd_sent_Power_cord_quality
1943,sd_sent_Power_cord_replacement
1944,sd_sent_Power_issues
1945,sd_sent_Power_level
1946,sd_sent_Power_loss
1947,sd_sent_Power_port
1948,sd_sent_Power_quality
1949,sd_sent_Power_saving
1950,sd_sent_Power_source
1951,sd_sent_Power_supply
1952,sd_sent_Power_wash
1953,sd_sent_Practical
1954,sd_sent_Practical_content
1955,sd_sent_Practicality
1956,sd_sent_Practice_capacity
1957,sd_sent_Preamp_quality
1958,sd_sent_Preset_customization
1959,sd_sent_Preventing_dew
1960,sd_sent_Print_capability
1961,sd_sent_Print_quality
1962,sd_sent_Print_size
1963,sd_sent_Print_speed
1964,sd_sent_Printer_error
1965,sd_sent_Printer_functionality
1966,sd_sent_Printer_quality
1967,sd_sent_Printer_speed
1968,sd_sent_Privacy
1969,sd_sent_Processor_speed
1970,sd_sent_Product_quality
1971,sd_sent_Profile
1972,sd_sent_Programmability
1973,sd_sent_Programming
1974,sd_sent_Programming_ability
1975,sd_sent_Programming_capability
1976,sd_sent_Programming_difficulty
1977,sd_sent_Programming_ease
1978,sd_sent_Programming_flexibility
1979,sd_sent_Programming_required
1980,sd_sent_Programming_requirement
1981,sd_sent_Projector_quality
1982,sd_sent_Protection
1983,sd_sent_Protection_for_babies
1984,sd_sent_Protection_for_ears
1985,sd_sent_Protection_for_kids
1986,sd_sent_Protection_level
1987,sd_sent_Protection_plan
1988,sd_sent_Ps5_cooling
1989,sd_sent_Qr_code
1990,sd_sent_Quality
1991,sd_sent_Quality_case
1992,sd_sent_Quality_control
1993,sd_sent_Quality_cover
1994,sd_sent_Quality_of_life
1995,sd_sent_Quality_pictures
1996,sd_sent_Quality_remote
1997,sd_sent_Quality_remote_control
1998,sd_sent_Quantity
1999,sd_sent_Quest_variety
2000,sd_sent_Quick_release
2001,sd_sent_Quietness
2002,sd_sent_Raceability
2003,sd_sent_Racing_game
2004,sd_sent_Racing_simulator
2005,sd_sent_Radio_feature
2006,sd_sent_Radio_quality
2007,sd_sent_Radio_reception
2008,sd_sent_Rain_cover
2009,sd_sent_Range
2010,sd_sent_Range_of_motion
2011,sd_sent_Range_of_uses
2012,sd_sent_Range_use
2013,sd_sent_Resaleability
2014,sd_sent_Read_speed
2015,sd_sent_Readability
2016,sd_sent_Readable
2017,sd_sent_Reader_quality
2018,sd_sent_Reading_ability
2019,sd_sent_Reading_angle
2020,sd_sent_Reading_experience
2021,sd_sent_Reading_level
2022,sd_sent_Reading_quality
2023,sd_sent_Reading_speed
2024,sd_sent_Realism
2025,sd_sent_Realistic
2026,sd_sent_Reception
2027,sd_sent_Reception_quality
2028,sd_sent_Rechargeable_battery
2029,sd_sent_Rechargeable_battery_capacity
2030,sd_sent_Recognition
2031,sd_sent_Reconditioning
2032,sd_sent_Reconditioning_condition
2033,sd_sent_Recording_capability
2034,sd_sent_Recording_quality
2035,sd_sent_Reference_value
2036,sd_sent_Reflection
2037,sd_sent_Refresh_rate
2038,sd_sent_Refurbished_condition
2039,sd_sent_Refurbished_quality
2040,sd_sent_Refurbished_status
2041,sd_sent_Refurbishment_quality
2042,sd_sent_Region_lock
2043,sd_sent_Relaxation
2044,sd_sent_Release_speed
2045,sd_sent_Reliability
2046,sd_sent_Remastering
2047,sd_sent_Remastering_quality
2048,sd_sent_Remote_compatibility
2049,sd_sent_Remote_connectivity
2050,sd_sent_Remote_control
2051,sd_sent_Remote_functionality
2052,sd_sent_Remote_page_turner
2053,sd_sent_Remote_quality
2054,sd_sent_Remote_replacement
2055,sd_sent_Remote_trigger
2056,sd_sent_Repairability
2057,sd_sent_Repeatability
2058,sd_sent_Replacement_remote
2059,sd_sent_Replacement_value
2060,sd_sent_Replayability
2061,sd_sent_Resale_condition
2062,sd_sent_Resale_value
2063,sd_sent_Research_quality
2064,sd_sent_Residue_removal
2065,sd_sent_Resistance_ring
2066,sd_sent_Resolution
2067,sd_sent_Resource_value
2068,sd_sent_Response_time
2069,sd_sent_Responsiveness
2070,sd_sent_Retro_appeal
2071,sd_sent_Retro_look
2072,sd_sent_Retro_style
2073,sd_sent_Rgb
2074,sd_sent_Rgb_customization
2075,sd_sent_Rgb_feature
2076,sd_sent_Rgb_functionality
2077,sd_sent_Rgb_lighting
2078,sd_sent_Rgb_options
2079,sd_sent_Rgb_quality
2080,sd_sent_Rhinestone_issue
2081,sd_sent_Ribbon_quality
2082,sd_sent_Ring_breakage
2083,sd_sent_Ring_design
2084,sd_sent_Ring_light_quality
2085,sd_sent_Ring_quality
2086,sd_sent_Ring_rotation
2087,sd_sent_Ringtone_options
2088,sd_sent_Rip_resistance
2089,sd_sent_Risk_tolerance
2090,sd_sent_Roll_smoothness
2091,sd_sent_Rollability
2092,sd_sent_Room
2093,sd_sent_Room_capacity
2094,sd_sent_Room_for_accessories
2095,sd_sent_Room_size
2096,sd_sent_Roominess
2097,sd_sent_Roomy
2098,sd_sent_Rotation
2099,sd_sent_Rotation_ability
2100,sd_sent_Rotational_bezel
2101,sd_sent_Rotational_speed
2102,sd_sent_Router_functionality
2103,sd_sent_Rust_resistance
2104,sd_sent_Safety
2105,sd_sent_Safety_strap
2106,sd_sent_Sagging
2107,sd_sent_Samurai_build
2108,sd_sent_Savagery
2109,sd_sent_Scale_quality
2110,sd_sent_Scanability
2111,sd_sent_Scanner_quality
2112,sd_sent_Scanning_accuracy
2113,sd_sent_Scares
2114,sd_sent_Scariness_level
2115,sd_sent_Scent
2116,sd_sent_Scholarly_content
2117,sd_sent_Scholastic_content
2118,sd_sent_School_requirement
2119,sd_sent_School_use
2120,sd_sent_Scientific_accuracy
2121,sd_sent_Scratch_removal
2122,sd_sent_Scratch_resistance
2123,sd_sent_Scratches
2124,sd_sent_Scratches_easily
2125,sd_sent_Screen_appearance
2126,sd_sent_Screen_blackness
2127,sd_sent_Screen_brightness
2128,sd_sent_Screen_burn
2129,sd_sent_Screen_clarity
2130,sd_sent_Screen_cleaning
2131,sd_sent_Screen_color
2132,sd_sent_Screen_condition
2133,sd_sent_Screen_contrast
2134,sd_sent_Screen_coverage
2135,sd_sent_Screen_crack
2136,sd_sent_Screen_cracking
2137,sd_sent_Screen_damage
2138,sd_sent_Screen_durability
2139,sd_sent_Screen_functionality
2140,sd_sent_Screen_glitch
2141,sd_sent_Screen_glitches
2142,sd_sent_Screen_lines
2143,sd_sent_Screen_longevity
2144,sd_sent_Screen_look
2145,sd_sent_Screen_mirroring
2146,sd_sent_Screen_protection
2147,sd_sent_Screen_protection_quality
2148,sd_sent_Screen_protector
2149,sd_sent_Screen_protector_quality
2150,sd_sent_Screen_quality
2151,sd_sent_Screen_readability
2152,sd_sent_Screen_reflection
2153,sd_sent_Screen_resolution
2154,sd_sent_Screen_rotation
2155,sd_sent_Screen_scratch
2156,sd_sent_Screen_scratch_resistance
2157,sd_sent_Screen_scratches
2158,sd_sent_Screen_scratching
2159,sd_sent_Screen_settings
2160,sd_sent_Screen_size
2161,sd_sent_Screen_speed
2162,sd_sent_Screen_tilt
2163,sd_sent_Screen_visibility
2164,sd_sent_Screen_wear
2165,sd_sent_Screw_length
2166,sd_sent_Screw_quality
2167,sd_sent_Screw_removal
2168,sd_sent_Screw_safety
2169,sd_sent_Screw_size
2170,sd_sent_Screw_strength
2171,sd_sent_Screw_stripping
2172,sd_sent_Screw_tension
2173,sd_sent_Screw_tightening
2174,sd_sent_Screw_tightness
2175,sd_sent_Screwdriver
2176,sd_sent_Screws
2177,sd_sent_Screws_ease
2178,sd_sent_Screws_ease_of_installation
2179,sd_sent_Screws_included
2180,sd_sent_Screws_replacement
2181,sd_sent_Screws_size
2182,sd_sent_Screws_strength
2183,sd_sent_Scribe_accessibility
2184,sd_sent_Scroll_speed
2185,sd_sent_Scroll_wheel
2186,sd_sent_Scroll_wheel_issue
2187,sd_sent_Scroll_wheel_issues
2188,sd_sent_Scroll_wheel_quality
2189,sd_sent_Scrolling_ability
2190,sd_sent_Scrolling_capability
2191,sd_sent_Scrolling_ease
2192,sd_sent_Scrolling_speed
2193,sd_sent_Scuff_marks
2194,sd_sent_Scuff_resistance
2195,sd_sent_Sd_card
2196,sd_sent_Sd_card_adapter
2197,sd_sent_Seal
2198,sd_sent_Seals
2199,sd_sent_Security
2200,sd_sent_Selfie_capabilities
2201,sd_sent_Selfie_capability
2202,sd_sent_Selfie_functionality
2203,sd_sent_Selfie_quality
2204,sd_sent_Sencer
2205,sd_sent_Sensitivity
2206,sd_sent_Sensor_cleaning
2207,sd_sent_Sensor_cleanliness
2208,sd_sent_Sensor_damage
2209,sd_sent_Sensor_functionality
2210,sd_sent_Sensor_quality
2211,sd_sent_Sensor_size
2212,sd_sent_Sensory_benefits
2213,sd_sent_Sentence_length
2214,sd_sent_Series_content
2215,sd_sent_Series_quality
2216,sd_sent_Settings
2217,sd_sent_Setup
2218,sd_sent_Sexiness
2219,sd_sent_Shadow_quality
2220,sd_sent_Shape
2221,sd_sent_Sharpness
2222,sd_sent_Shattered_screen
2223,sd_sent_Shelf_quality
2224,sd_sent_Shelf_size
2225,sd_sent_Shell_quality
2226,sd_sent_Shift_key
2227,sd_sent_Shift_key_placement
2228,sd_sent_Shift_key_size
2229,sd_sent_Shifter_quality
2230,sd_sent_Shine_through
2231,sd_sent_Shooting_ability
2232,sd_sent_Short_throw
2233,sd_sent_Shortness
2234,sd_sent_Shottoshot_speed
2235,sd_sent_Shoulder_rig
2236,sd_sent_Shut_off
2237,sd_sent_Shutter_lag
2238,sd_sent_Shutter_speed
2239,sd_sent_Side_buttons
2240,sd_sent_Side_pockets
2241,sd_sent_Signal_clarity
2242,sd_sent_Signal_integrity
2243,sd_sent_Signal_quality
2244,sd_sent_Signal_reception
2245,sd_sent_Signal_strength
2246,sd_sent_Silicone_material
2247,sd_sent_Sim_card
2248,sd_sent_Sim_slot
2249,sd_sent_Simplicity
2250,sd_sent_Size
2251,sd_sent_Size_adjustment
2252,sd_sent_Size_options
2253,sd_sent_Sizing
2254,sd_sent_Sizing_accuracy
2255,sd_sent_Skill_level
2256,sd_sent_Skin_color
2257,sd_sent_Skin_comfort
2258,sd_sent_Skin_feel
2259,sd_sent_Skin_irritation
2260,sd_sent_Skin_quality
2261,sd_sent_Skin_stretchability
2262,sd_sent_Skin_thickness
2263,sd_sent_Slack_response
2264,sd_sent_Slackness
2265,sd_sent_Slatiness
2266,sd_sent_Sleek_design
2267,sd_sent_Sleep_mode
2268,sd_sent_Sleep_quality
2269,sd_sent_Sleep_tracker
2270,sd_sent_Sleep_tracking
2271,sd_sent_Sleep_tracking_accuracy
2272,sd_sent_Sleepability
2273,sd_sent_Sleeve
2274,sd_sent_Sleeve_design
2275,sd_sent_Sleeve_quality
2276,sd_sent_Slicing_speed
2277,sd_sent_Slickness
2278,sd_sent_Slide_ease
2279,sd_sent_Slide_height
2280,sd_sent_Slide_on
2281,sd_sent_Slide_resistance
2282,sd_sent_Slideability
2283,sd_sent_Slim_design
2284,sd_sent_Slimness
2285,sd_sent_Sling_height
2286,sd_sent_Slip_off
2287,sd_sent_Slip_resistance
2288,sd_sent_Slippage
2289,sd_sent_Slipperiness
2290,sd_sent_Slowed_speed
2291,sd_sent_Sluggishness
2292,sd_sent_Smart_features
2293,sd_sent_Smartphone_addiction
2294,sd_sent_Smell
2295,sd_sent_Smooth_motion
2296,sd_sent_Smooth_movement
2297,sd_sent_Smoothness
2298,sd_sent_Smudge_resistance
2299,sd_sent_Snapability
2300,sd_sent_Snorkeling
2301,sd_sent_Soft_fabric
2302,sd_sent_Soft_feel
2303,sd_sent_Soft_interior
2304,sd_sent_Soft_material
2305,sd_sent_Softness
2306,sd_sent_Software_availability
2307,sd_sent_Software_functionality
2308,sd_sent_Software_quality
2309,sd_sent_Software_updates
2310,sd_sent_Solar_charging_capability
2311,sd_sent_Solar_power
2312,sd_sent_Solar_viewing
2313,sd_sent_Solid_feel
2314,sd_sent_Song_selection
2315,sd_sent_Sonic_quality
2316,sd_sent_Souls
2317,sd_sent_Sound_bar
2318,sd_sent_Sound_bar_quality
2319,sd_sent_Sound_barrier
2320,sd_sent_Sound_cancellation
2321,sd_sent_Sound_clarity
2322,sd_sent_Sound_dampening
2323,sd_sent_Sound_dispersion
2324,sd_sent_Sound_insulation
2325,sd_sent_Sound_isolation
2326,sd_sent_Sound_options
2327,sd_sent_Sound_protection
2328,sd_sent_Sound_quality
2329,sd_sent_Sound_reduction
2330,sd_sent_Sound_suppression
2331,sd_sent_Sound_volume
2332,sd_sent_Soundproof
2333,sd_sent_Soundtrack_quality
2334,sd_sent_Space
2335,sd_sent_Space_saving
2336,sd_sent_Spacebar
2337,sd_sent_Sparkle
2338,sd_sent_Speaker_quality
2339,sd_sent_Speaker_zone_control
2340,sd_sent_Speed
2341,sd_sent_Spin_rate
2342,sd_sent_Splitness
2343,sd_sent_Sport_modes
2344,sd_sent_Spot_removal
2345,sd_sent_Spring_strength
2346,sd_sent_Springs
2347,sd_sent_Sprite
2348,sd_sent_Spyware
2349,sd_sent_Stability
2350,sd_sent_Staining
2351,sd_sent_Stand
2352,sd_sent_Stand_feature
2353,sd_sent_Stand_functionality
2354,sd_sent_Stand_level
2355,sd_sent_Stand_options
2356,sd_sent_Stand_quality
2357,sd_sent_Stand_size
2358,sd_sent_Standability
2359,sd_sent_Start_up_time
2360,sd_sent_Static_noise
2361,sd_sent_Stay_in_place
2362,sd_sent_Stays_in_place
2363,sd_sent_Steering_ability
2364,sd_sent_Steering_accuracy
2365,sd_sent_Steering_wheel
2366,sd_sent_Steering_wheel_control
2367,sd_sent_Steering_wheel_turn
2368,sd_sent_Step_count_accuracy
2369,sd_sent_Step_tracking
2370,sd_sent_Stepbystep
2371,sd_sent_Steps_count
2372,sd_sent_Stereo_output
2373,sd_sent_Stereo_quality
2374,sd_sent_Stick_drift
2375,sd_sent_Stick_durability
2376,sd_sent_Stick_fall_off
2377,sd_sent_Stick_quality
2378,sd_sent_Stick_resistance
2379,sd_sent_Sticker_quality
2380,sd_sent_Stickers
2381,sd_sent_Stickers_capacity
2382,sd_sent_Stickers_quality
2383,sd_sent_Stickiness
2384,sd_sent_Stiffness
2385,sd_sent_Stitch_quality
2386,sd_sent_Stitching
2387,sd_sent_Storage_capacity
2388,sd_sent_Storage_space
2389,sd_sent_Story_development
2390,sd_sent_Story_length
2391,sd_sent_Story_mode
2392,sd_sent_Story_quality
2393,sd_sent_Storyline
2394,sd_sent_Storytelling
2395,sd_sent_Strap_durability
2396,sd_sent_Strap_ease
2397,sd_sent_Strap_length
2398,sd_sent_Strap_options
2399,sd_sent_Strap_placement
2400,sd_sent_Strap_quality
2401,sd_sent_Strap_safety
2402,sd_sent_Strap_security
2403,sd_sent_Strap_size
2404,sd_sent_Strap_stability
2405,sd_sent_Streak_resistance
2406,sd_sent_Streaming_capability
2407,sd_sent_Streaming_features
2408,sd_sent_Streaming_quality
2409,sd_sent_Strength
2410,sd_sent_Stretchability
2411,sd_sent_Stretchiness
2412,sd_sent_Sturdiness
2413,sd_sent_Style
2414,sd_sent_Stylus
2415,sd_sent_Stylus_functionality
2416,sd_sent_Stylus_quality
2417,sd_sent_Suction
2418,sd_sent_Suction_cup
2419,sd_sent_Suction_cup_design
2420,sd_sent_Suction_power
2421,sd_sent_Suction_quality
2422,sd_sent_Suction_strength
2423,sd_sent_Sun_exposure
2424,sd_sent_Support
2425,sd_sent_Support_for_4k
2426,sd_sent_Surge_protection
2427,sd_sent_Surround_sound
2428,sd_sent_Suspenseful_story
2429,sd_sent_Swabs_capacity
2430,sd_sent_Swapability
2431,sd_sent_Sweat_resistance
2432,sd_sent_Swimming_ability
2433,sd_sent_Switch_control
2434,sd_sent_Switch_customization
2435,sd_sent_Switch_design
2436,sd_sent_Switch_functionality
2437,sd_sent_Switch_options
2438,sd_sent_Switch_puller
2439,sd_sent_Switch_quality
2440,sd_sent_Switch_support
2441,sd_sent_Switchability
2442,sd_sent_Switches
2443,sd_sent_Swivel
2444,sd_sent_Swivel_capability
2445,sd_sent_Swivel_feature
2446,sd_sent_Symmetry
2447,sd_sent_Sync
2448,sd_sent_Sync_ability
2449,sd_sent_Syncing
2450,sd_sent_Table_quality
2451,sd_sent_Tablet_case
2452,sd_sent_Tablet_functionality
2453,sd_sent_Tablet_hold
2454,sd_sent_Tablet_holder
2455,sd_sent_Tablet_quality
2456,sd_sent_Tablet_size
2457,sd_sent_Tactile_feedback
2458,sd_sent_Tactile_feel
2459,sd_sent_Tactile_quality
2460,sd_sent_Tactile_response
2461,sd_sent_Take_great_pictures
2462,sd_sent_Take_pictures
2463,sd_sent_Take_quality
2464,sd_sent_Tarnish_resistance
2465,sd_sent_Telephoto_capabilities
2466,sd_sent_Television_condition
2467,sd_sent_Television_quality
2468,sd_sent_Television_viewing
2469,sd_sent_Temperature
2470,sd_sent_Temperature_control
2471,sd_sent_Temperature_readout
2472,sd_sent_Temperature_setting
2473,sd_sent_Tension
2474,sd_sent_Testing
2475,sd_sent_Text_messaging
2476,sd_sent_Texting_ability
2477,sd_sent_Texting_capability
2478,sd_sent_Texture
2479,sd_sent_Thermal_paper
2480,sd_sent_Thermostat_functionality
2481,sd_sent_Thermostat_quality
2482,sd_sent_Thermostat_size
2483,sd_sent_Thickness
2484,sd_sent_Thought_provoking
2485,sd_sent_Thread_quality
2486,sd_sent_Threading
2487,sd_sent_Throttle_control
2488,sd_sent_Thumbstick_quality
2489,sd_sent_Tilt_ability
2490,sd_sent_Tilt_angle
2491,sd_sent_Tilt_stability
2492,sd_sent_Tiltability
2493,sd_sent_Tilting_screen
2494,sd_sent_Time_accuracy
2495,sd_sent_Time_management
2496,sd_sent_Time_saving
2497,sd_sent_Time_spent_playing
2498,sd_sent_Time_taken
2499,sd_sent_Time_to_update
2500,sd_sent_Timer
2501,sd_sent_Tip_replacement
2502,sd_sent_Tip_size
2503,sd_sent_Toddler_friendly
2504,sd_sent_Tool_included
2505,sd_sent_Tool_kit
2506,sd_sent_Tool_quality
2507,sd_sent_Tool_size
2508,sd_sent_Touch
2509,sd_sent_Touch_control
2510,sd_sent_Touch_controls
2511,sd_sent_Touch_feel
2512,sd_sent_Touch_functionality
2513,sd_sent_Touch_id_feature
2514,sd_sent_Touch_id_functionality
2515,sd_sent_Touch_quality
2516,sd_sent_Touch_response
2517,sd_sent_Touch_responsiveness
2518,sd_sent_Touch_screen
2519,sd_sent_Touch_screen_functionality
2520,sd_sent_Touch_screen_sensitivity
2521,sd_sent_Touch_scrolling
2522,sd_sent_Touch_sensitivity
2523,sd_sent_Touchpad_functionality
2524,sd_sent_Touchpad_quality
2525,sd_sent_Touchpad_responsiveness
2526,sd_sent_Touchpad_sensitivity
2527,sd_sent_Touchpadsensitivity
2528,sd_sent_Touchscreen
2529,sd_sent_Touchscreen_functionality
2530,sd_sent_Touchscreen_interface
2531,sd_sent_Track_accuracy
2532,sd_sent_Trackability
2533,sd_sent_Trackball_quality
2534,sd_sent_Tracking_ability
2535,sd_sent_Tracking_accuracy
2536,sd_sent_Tracking_capability
2537,sd_sent_Trackpoint
2538,sd_sent_Traction
2539,sd_sent_Transfer_speed
2540,sd_sent_Translation_accuracy
2541,sd_sent_Translation_capability
2542,sd_sent_Translation_feature
2543,sd_sent_Translation_quality
2544,sd_sent_Translation_speed
2545,sd_sent_Transportability
2546,sd_sent_Travel_needs
2547,sd_sent_Travel_purpose
2548,sd_sent_Travel_use
2549,sd_sent_Travel_value
2550,sd_sent_Travelability
2551,sd_sent_Trigger_accuracy
2552,sd_sent_Trigger_force
2553,sd_sent_Trigger_functionality
2554,sd_sent_Trigger_quality
2555,sd_sent_Trigger_responsiveness
2556,sd_sent_Trigger_sensitivity
2557,sd_sent_Trigger_stop
2558,sd_sent_Tripod_quality
2559,sd_sent_Tuning_accuracy
2560,sd_sent_Turn_off
2561,sd_sent_Turn_on_functionality
2562,sd_sent_Turn_on_time
2563,sd_sent_Turn_signals
2564,sd_sent_Turnability
2565,sd_sent_Tutorials
2566,sd_sent_Tv_flickering
2567,sd_sent_Tv_functionality
2568,sd_sent_Tv_life_span
2569,sd_sent_Tv_lifespan
2570,sd_sent_Tv_performance
2571,sd_sent_Tv_quality
2572,sd_sent_Tv_size
2573,sd_sent_Tv_stability
2574,sd_sent_Tv_viewing
2575,sd_sent_Typing_ability
2576,sd_sent_Typing_accuracy
2577,sd_sent_Typing_comfort
2578,sd_sent_Typing_difficulty
2579,sd_sent_Typing_ease
2580,sd_sent_Typing_enjoyment
2581,sd_sent_Typing_experience
2582,sd_sent_Typing_feel
2583,sd_sent_Typing_quality
2584,sd_sent_Typing_speed
2585,sd_sent_Ui
2586,sd_sent_Underwater_capability
2587,sd_sent_Underwater_photography
2588,sd_sent_Universal_remote_control
2589,sd_sent_Unlockability
2590,sd_sent_Update_quality
2591,sd_sent_Upgrade_quality
2592,sd_sent_Upload_speed
2593,sd_sent_Us_version
2594,sd_sent_Usability
2595,sd_sent_Usb_cable
2596,sd_sent_Usb_charging_capability
2597,sd_sent_Usb_charging_options
2598,sd_sent_Usb_charging_port
2599,sd_sent_Usb_compatibility
2600,sd_sent_Usb_connectivity
2601,sd_sent_Usb_extension
2602,sd_sent_Usb_port
2603,sd_sent_Usb_ports
2604,sd_sent_Usb_receiver
2605,sd_sent_Usbc_charging
2606,sd_sent_Usbc_port
2607,sd_sent_Use
2608,sd_sent_Use_of_band
2609,sd_sent_Useability
2610,sd_sent_User_friendly
2611,sd_sent_User_guide
2612,sd_sent_User_interface
2613,sd_sent_User_manual
2614,sd_sent_User_training
2615,sd_sent_Userfriendly
2616,sd_sent_Utility
2617,sd_sent_Value_for_money
2618,sd_sent_Variety
2619,sd_sent_Variety_of_accessories
2620,sd_sent_Variety_of_cleaning_items
2621,sd_sent_Variety_of_features
2622,sd_sent_Variety_of_games
2623,sd_sent_Variety_of_modes
2624,sd_sent_Variety_of_settings
2625,sd_sent_Variety_of_stickers
2626,sd_sent_Variety_of_switches
2627,sd_sent_Vehicle_detection
2628,sd_sent_Velcro
2629,sd_sent_Velcro_closure
2630,sd_sent_Velcro_durability
2631,sd_sent_Velcro_hold
2632,sd_sent_Velcro_quality
2633,sd_sent_Velcro_strength
2634,sd_sent_Versatility
2635,sd_sent_Vibration_level
2636,sd_sent_Video_content
2637,sd_sent_Video_freezing
2638,sd_sent_Video_quality
2639,sd_sent_Video_recording
2640,sd_sent_Video_recording_capability
2641,sd_sent_Video_stabilization
2642,sd_sent_View_angle
2643,sd_sent_Viewfinder
2644,sd_sent_Viewing_angle
2645,sd_sent_Viewing_experience
2646,sd_sent_Violence_level
2647,sd_sent_Visibility
2648,sd_sent_Vision
2649,sd_sent_Visual_appeal
2650,sd_sent_Visual_quality
2651,sd_sent_Vlogging
2652,sd_sent_Vlogging_ability
2653,sd_sent_Vlogging_capability
2654,sd_sent_Vlogging_functionality
2655,sd_sent_Vocal_removal
2656,sd_sent_Voice_acting
2657,sd_sent_Voice_clarity
2658,sd_sent_Voice_control
2659,sd_sent_Voice_functionality
2660,sd_sent_Voice_quality
2661,sd_sent_Volume
2662,sd_sent_Volume_buttons
2663,sd_sent_Volume_control
2664,sd_sent_Volume_control_knob
2665,sd_sent_Volume_knob
2666,sd_sent_Volume_level
2667,sd_sent_Vr_quality
2668,sd_sent_Wake_up_feature
2669,sd_sent_Wakefulness
2670,sd_sent_Wall_mount
2671,sd_sent_Wall_thickness
2672,sd_sent_Wallet
2673,sd_sent_Wallet_quality
2674,sd_sent_Warmth
2675,sd_sent_Warping
2676,sd_sent_Watch_band_organizer
2677,sd_sent_Watch_band_quality
2678,sd_sent_Watch_band_storage
2679,sd_sent_Watch_case_quality
2680,sd_sent_Watch_condition
2681,sd_sent_Watch_face_damage
2682,sd_sent_Watch_for_kids
2683,sd_sent_Watch_functionality
2684,sd_sent_Watch_hold
2685,sd_sent_Watch_protection
2686,sd_sent_Watch_quality
2687,sd_sent_Watch_security
2688,sd_sent_Watch_stability
2689,sd_sent_Watch_stand
2690,sd_sent_Water_resistance
2691,sd_sent_Water_retention
2692,sd_sent_Waterproof
2693,sd_sent_Wear_quality
2694,sd_sent_Wear_resistance
2695,sd_sent_Wearability
2696,sd_sent_Weather_protection
2697,sd_sent_Weather_resistance
2698,sd_sent_Weatherproof
2699,sd_sent_Weddings
2700,sd_sent_Weight
2701,sd_sent_Weight_capacity
2702,sd_sent_Weight_distribution
2703,sd_sent_Wheel_durability
2704,sd_sent_Wheel_quality
2705,sd_sent_Wifi_connectivity
2706,sd_sent_Wifi_feature
2707,sd_sent_Wifi_performance
2708,sd_sent_Wide_angle
2709,sd_sent_Wide_field_of_view
2710,sd_sent_Wifi
2711,sd_sent_Wifi_capability
2712,sd_sent_Wifi_compatibility
2713,sd_sent_Wifi_coverage
2714,sd_sent_Wifi_functionality
2715,sd_sent_Wifi_quality
2716,sd_sent_Wifi_reliability
2717,sd_sent_Wifi_signal
2718,sd_sent_Windscreen
2719,sd_sent_Wire_connectivity
2720,sd_sent_Wire_hiding
2721,sd_sent_Wire_length
2722,sd_sent_Wire_quality
2723,sd_sent_Wire_thickness
2724,sd_sent_Wired_connectivity
2725,sd_sent_Wired_earbuds
2726,sd_sent_Wireless_charging
2727,sd_sent_Wireless_charging_capability
2728,sd_sent_Wireless_compatibility
2729,sd_sent_Wireless_connection
2730,sd_sent_Wireless_connectivity
2731,sd_sent_Wireless_microphone
2732,sd_sent_Wires
2733,sd_sent_Wiring
2734,sd_sent_Wood_feel
2735,sd_sent_Wood_quality
2736,sd_sent_Work_calls
2737,sd_sent_Work_well
2738,sd_sent_Workability
2739,sd_sent_Workout_tracking
2740,sd_sent_Workouts
2741,sd_sent_Works_great
2742,sd_sent_Works_well
2743,sd_sent_Wrist_angle
2744,sd_sent_Wrist_comfort
2745,sd_sent_Wrist_feel
2746,sd_sent_Wrist_fit
2747,sd_sent_Wrist_looseness
2748,sd_sent_Wrist_pain
2749,sd_sent_Wrist_pain_relief
2750,sd_sent_Wrist_protection
2751,sd_sent_Wrist_rest
2752,sd_sent_Wrist_rest_quality
2753,sd_sent_Wrist_security
2754,sd_sent_Wrist_size
2755,sd_sent_Wrist_stability
2756,sd_sent_Wrist_strain
2757,sd_sent_Wrist_support
2758,sd_sent_Write_speed
2759,sd_sent_Writer
2760,sd_sent_Writing_ability
2761,sd_sent_Writing_area
2762,sd_sent_Writing_capability
2763,sd_sent_Writing_experience
2764,sd_sent_Writing_pad
2765,sd_sent_Writing_quality
2766,sd_sent_Writing_style
2767,sd_sent_Xbox_cooling
2768,sd_sent_Yellowing
2769,sd_sent_Zaxis_adjustment
2770,sd_sent_Zipper_accessibility
2771,sd_sent_Zipper_capacity
2772,sd_sent_Zipper_closure
2773,sd_sent_Zipper_ease
2774,sd_sent_Zipper_failure
2775,sd_sent_Zipper_quality
2776,sd_sent_Zipper_width
2777,sd_sent_Zoom
2778,sd_sent_Zoom_ability
2779,sd_sent_Zoom_capability
2780,sd_sent_Zoom_feature
2781,sd_sent_Zoom_lens
2782,sd_sent_Zoom_power
2783,sd_sent_Zoom_quality
2784,sd_sent_Zoom_range
2785,sd_sent_Zoom_speed
2786,sd_sent_Zoom_support
2787,sd_sent_count_POSITIVE
2788,sd_sent_count_MIXED
2789,sd_sent_count_NEGATIVE
